,week,day,month,height lake,height downstream,flow lake,flow flood,flow downstream,time
0,1,1,1,83.6399090909091,10.5,43.0799272727273, ,55.1117454545455,2018-1-1 00:00:00
1,1,2,1,83.5898,10.5,36.4387551111111, ,39.453394,2018-1-2 00:00:00
2,1,3,1,83.5846,10.08,41.9220415555556, ,35.819236,2018-1-3 00:00:00
3,1,4,1,83.5482,10.36,38.3077488888889, ,50.51336,2018-1-4 00:00:00
4,1,5,1,83.4101,10.5,31.5000188888889, ,58.92588,2018-1-5 00:00:00
5,1,6,1,83.2611,10.5,33.3576622222222, ,59.23944,2018-1-6 00:00:00
6,1,7,1,83.0953,10.5,27.5702166666667, ,59.5548,2018-1-7 00:00:00
7,2,8,1,82.9896,10.5,52.5500198888889, ,53.505881,2018-1-8 00:00:00
8,2,9,1,83.0127,10.5,54.8621755555556, ,60.00912,2018-1-9 00:00:00
9,2,10,1,82.8663,10.5,36.7717522222222, ,60.66828,2018-1-10 00:00:00
10,2,11,1,82.7417272727273,10.5,35.6692377777778, ,49.9737327272727,2018-1-11 00:00:00
11,2,12,1,82.701,10.4090909090909,53.3541936363636, ,48.5414663636364,2018-1-12 00:00:00
12,2,13,1,82.7758181818182,10.1181818181818,53.5370983838384, ,30.1418963636364,2018-1-13 00:00:00
13,2,14,1,82.9426363636363,9.86363636363636,75.6395009090909, ,20.8947281818182,2018-1-14 00:00:00
14,3,15,1,83.1801,9.66,51.2888666666667, ,29.00995,2018-1-15 00:00:00
15,3,16,1,83.0864,10.5,24.0330611111111, ,52.85595,2018-1-16 00:00:00
16,3,17,1,82.8801,10.5,18.0475788888889, ,58.70844,2018-1-17 00:00:00
17,3,18,1,82.6561,10.5,16.7346244444445, ,59.23368,2018-1-18 00:00:00
18,3,19,1,82.4109,10.5,17.3630788888889, ,59.34744,2018-1-19 00:00:00
19,3,20,1,82.2168,10.5,26.3585011111111, ,59.81364,2018-1-20 00:00:00
20,3,21,1,82.019,10.5,22.7867055555556, ,60.3594,2018-1-21 00:00:00
21,4,22,1,81.8167,10.5,21.0176122222222, ,56.82564,2018-1-22 00:00:00
22,4,23,1,81.6301,10.5,19.0413484444444, ,53.599404,2018-1-23 00:00:00
23,4,24,1,81.4429,10.5,20.8840584444444, ,54.118614,2018-1-24 00:00:00
24,4,25,1,81.2816,10.5,18.6627497777778, ,48.367972,2018-1-25 00:00:00
25,4,26,1,81.0576,10.5,16.26112, ,61.26012,2018-1-26 00:00:00
26,4,27,1,80.8055,10.5,15.3508822222222, ,61.08516,2018-1-27 00:00:00
27,4,28,1,80.5876,10.5,15.3921195555556, ,47.009064,2018-1-28 00:00:00
28,5,29,1,80.4477,10.36,20.9836144444444, ,50.90942,2018-1-29 00:00:00
29,5,30,1,80.2214,10.5,13.532826, ,59.193576,2018-1-30 00:00:00
30,5,31,1,79.9659,10.5,15.9757533333333, ,60.57792,2018-1-31 00:00:00
31,5,1,2,79.742,10.5,20.4377117171717, ,49.1428127272727,2018-2-1 00:00:00
32,5,2,2,79.544,10.1,18.5289763333333, ,45.675143,2018-2-2 00:00:00
33,5,3,2,79.3389,10.5,27.3660851111111, ,61.282974,2018-2-3 00:00:00
34,5,4,2,79.1129,10.5,16.7025336666667, ,54.479367,2018-2-4 00:00:00
35,6,5,2,78.9077,10.276,24.9450484444444, ,48.990604,2018-2-5 00:00:00
36,6,6,2,78.7235,10.288,22.589788, ,53.912288,2018-2-6 00:00:00
37,6,7,2,78.4778,10.288,17.639409, ,56.934909,2018-2-7 00:00:00
38,6,8,2,78.2638,10.316,17.7196202222222, ,49.674898,2018-2-8 00:00:00
39,6,9,2,78.1321,10.092,19.1911766666667, ,25.64551,2018-2-9 00:00:00
40,6,10,2,78.0501818181818,9.77818181818182,14.347056969697, ,26.42736,2018-2-10 00:00:00
41,6,11,2,78.0632,9.34,23.6911846666667, ,14.199518,2018-2-11 00:00:00
42,7,12,2,78.1755,9.292,37.1731348888889, ,7.812246,2018-2-12 00:00:00
43,7,13,2,78.2619,9.388,11.2491148888889, ,13.780226,2018-2-13 00:00:00
44,7,14,2,78.2436,9.572,19.7009198888889, ,22.801531,2018-2-14 00:00:00
45,7,15,2,78.2298,9.904,16.1805866666667, ,26.62142,2018-2-15 00:00:00
46,7,16,2,78.0834545454546,9.91454545454545,13.1588563636364, ,37.4920381818182,2018-2-16 00:00:00
47,7,17,2,78.0256,9.292,17.7583131111111, ,11.240702,2018-2-17 00:00:00
48,7,18,2,78.0759,9.668,16.7974862222222, ,13.443764,2018-2-18 00:00:00
49,8,19,2,78.0729,9.756,16.2779051111111, ,16.024794,2018-2-19 00:00:00
50,8,20,2,78.0804166666667,9.54333333333333,15.1425480555556, ,10.5549091666667,2018-2-20 00:00:00
51,8,21,2,78.0998,9.24,15.2439151111111, ,12.143304,2018-2-21 00:00:00
52,8,22,2,77.9798,9.804,13.1019211111111, ,45.87981,2018-2-22 00:00:00
53,8,23,2,77.7344,10.5,21.635612, ,59.792112,2018-2-23 00:00:00
54,8,24,2,77.434,10.5,7.50453777777778, ,60.40476,2018-2-24 00:00:00
55,8,25,2,77.1018,10.5,9.57937333333333, ,61.21404,2018-2-25 00:00:00
56,9,26,2,76.7694545454545,10.5,9.57481959595959, ,57.6084054545455,2018-2-26 00:00:00
57,9,27,2,76.4768,10.408,7.72869611111111, ,52.466085,2018-2-27 00:00:00
58,9,28,2,76.1897,10.408,7.53237733333333, ,52.333044,2018-2-28 00:00:00
59,9,1,3,75.8951818181818,10.4636363636364,7.39902222222223, ,53.5918,2018-3-1 00:00:00
60,9,2,3,75.5388,10.5,8.11013777777778, ,63.28836,2018-3-2 00:00:00
61,9,3,3,75.2708,10.23,7.24499555555556, ,28.75944,2018-3-3 00:00:00
62,9,4,3,75.3193,9.148,16.9849093333333, ,3.696576,2018-3-4 00:00:00
63,10,5,3,75.2940909090909,10.1672727272727,13.5589294949495, ,38.0071618181818,2018-3-5 00:00:00
64,10,6,3,74.9815454545455,10.6727272727273,7.42496404040404, ,56.2404690909091,2018-3-6 00:00:00
65,10,7,3,74.6908,10.84,38.5335712592593, ,61.392312,2018-3-7 00:00:00
66,10,8,3,74.708,10.84,74.1612918518518, ,67.59144,2018-3-8 00:00:00
67,10,9,3,74.8241,10.84,81.0754488888889, ,60.38856,2018-3-9 00:00:00
68,10,10,3,74.976,10.656,70.0219372222222, ,54.221715,2018-3-10 00:00:00
69,10,11,3,74.9925454545455,10.4218181818182,30.5872095622896, ,31.4442836363636,2018-3-11 00:00:00
70,11,12,3,74.8496,10.492,7.81850592592593, ,47.78058,2018-3-12 00:00:00
71,11,13,3,74.409,10.84,5.39537481481481, ,68.65056,2018-3-13 00:00:00
72,11,14,3,74.035,10.84,40.0433851851852, ,70.6122,2018-3-14 00:00:00
73,11,15,3,73.99,10.84,69.6210207407407, ,71.68428,2018-3-15 00:00:00
74,11,16,3,73.9765,10.84,69.5508844444445, ,71.66844,2018-3-16 00:00:00
75,11,17,3,73.9529,10.84,66.5261318518518, ,71.68428,2018-3-17 00:00:00
76,11,18,3,73.9471,10.84,48.4376515925926, ,45.397059,2018-3-18 00:00:00
77,12,19,3,73.9043,10.492,40.8588446666667, ,53.564178,2018-3-19 00:00:00
78,12,20,3,73.792,10.84,62.9300177777778, ,71.40024,2018-3-20 00:00:00
79,12,21,3,73.7669,10.84,68.6454237037037, ,71.63172,2018-3-21 00:00:00
80,12,22,3,73.702,10.666,41.8348811851852, ,63.607696,2018-3-22 00:00:00
81,12,23,3,73.4883,10.666,33.0971270740741, ,64.969053,2018-3-23 00:00:00
82,12,24,3,73.2232727272727,10.84,23.1285468350168, ,59.3589845454545,2018-3-24 00:00:00
83,12,25,3,73.0122727272727,10.6727272727273,22.3774113131313, ,34.96428,2018-3-25 00:00:00
84,13,26,3,72.9728181818182,10.4218181818182,22.7283233670034, ,24.1104109090909,2018-3-26 00:00:00
85,13,27,3,72.8887,10.144,25.3030806666667, ,42.406414,2018-3-27 00:00:00
86,13,28,3,72.6762727272727,10.5145454545455,35.9608879461279, ,56.49476,2018-3-28 00:00:00
87,13,29,3,72.5591,10.84,30.3122407407407, ,51.4335,2018-3-29 00:00:00
88,13,30,3,72.4598181818182,10.84,78.8522952861953, ,64.3897363636364,2018-3-30 00:00:00
89,13,31,3,72.5310909090909,10.84,75.0565352861953, ,65.9248854545455,2018-3-31 00:00:00
90,14,1,4,72.4654166666667,10.6183333333333,29.8244185802469, ,57.877505,2018-4-1 00:00:00
91,15,2,4,72.1534,10.656,10.136388, ,59.980388,2018-4-2 00:00:00
92,15,3,4,71.7302272727273,10.84,12.3780872390572, ,69.1917572727273,2018-4-3 00:00:00
93,15,4,4,71.285,10.839,8.79620888888889, ,71.67132,2018-4-4 00:00:00
94,15,5,4,70.9372,10.318,6.38809725925926, ,45.372838,2018-4-5 00:00:00
95,15,6,4,70.2372,10.84,5.017036, ,62.694276,2018-4-6 00:00:00
96,15,7,4,68.5154545454545,10.84,5.31181818181818, ,68.9341636363636,2018-4-7 00:00:00
97,15,8,4,67.3189090909091,10.5236363636364,4.94119528619529, ,42.9161181818182,2018-4-8 00:00:00
98,16,9,4,65.9918,10.574,4.966, ,57.21309,2018-4-9 00:00:00
99,16,10,4,64.9743,9.766,4.68539814814815, ,16.303286,2018-4-10 00:00:00
100,16,11,4,64.7846,9.1,3.82109259259259, ,17.12,2018-4-11 00:00:00
101,16,12,4,64.8159,9.264,3.83208081481482, ,1.999516,2018-4-12 00:00:00
102,16,13,4,64.8297,9.264,3.875574, ,1.770074,2018-4-13 00:00:00
103,16,14,4,64.7361818181818,9.47272727272727,3.7901435016835, ,10.5593909090909,2018-4-14 00:00:00
104,16,15,4,64.5353,9.182,3.92815740740741, ,1.936176,2018-4-15 00:00:00
105,17,16,4,64.414,9.264,3.86226851851852, ,3.043096,2018-4-16 00:00:00
106,17,17,4,64.2681,9.428,3.85725925925926, ,3.912624,2018-4-17 00:00:00
107,17,18,4,64.1558,9.346,4.31015740740741, ,3.0799,2018-4-18 00:00:00
108,17,19,4,64.0812,9.264,4.07921296296296, ,2.818566,2018-4-19 00:00:00
109,17,20,4,64.041,9.182,4.66797607407407, ,1.821652,2018-4-20 00:00:00
110,17,21,4,64.0506,9.182,4.56913888888889, ,3.282328,2018-4-21 00:00:00
111,17,22,4,64.0536,9.1,3.62613888888889, ,4.52,2018-4-22 00:00:00
112,18,23,4,64.0806,9.1,3.70136903703704, ,1.751832,2018-4-23 00:00:00
113,18,24,4,64.0668,9.346,3.61342592592593, ,5.095374,2018-4-24 00:00:00
114,18,25,4,64.0346,9.1,3.47017592592593, ,8.25,2018-4-25 00:00:00
115,18,26,4,64.0422,9.346,3.59868651851852, ,7.887668,2018-4-26 00:00:00
116,18,27,4,63.9834,9.264,3.81325925925926, ,3.110756,2018-4-27 00:00:00
117,18,28,4,63.9673,9.182,4.18552259259259, ,2.46993,2018-4-28 00:00:00
118,18,29,4,63.9881,9.1,3.76462814814815, ,0.17748,2018-4-29 00:00:00
119,19,30,4,64.0183,9.264,4.12763814814815, ,1.59324,2018-4-30 00:00:00
120,17,1,5,64.0438181818182,9.1,7.23001205387205, ,2.36356363636364,2018-5-1 00:00:00
121,17,2,5,64.1656,9.182,16.4876155555556, ,2.5866,2018-5-2 00:00:00
122,17,3,5,64.2727,9.1,11.4381368888889, ,2.57688,2018-5-3 00:00:00
123,17,4,5,64.3831,9.264,14.6654463703704, ,5.14584,2018-5-4 00:00:00
124,17,5,5,64.4843,9.264,12.4207465925926, ,5.13216,2018-5-5 00:00:00
125,17,6,5,64.6192,9.182,20.743522962963, ,2.56392,2018-5-6 00:00:00
126,18,7,5,64.7732,9.51,17.0830342222222, ,12.7422,2018-5-7 00:00:00
127,18,8,5,64.7642,9.428,9.74759318518518, ,12.73824,2018-5-8 00:00:00
128,18,9,5,64.7147,9.428,8.76750711111111, ,12.75696,2018-5-9 00:00:00
129,18,10,5,64.7519,9.51,27.9955782962963, ,12.73284,2018-5-10 00:00:00
130,18,11,5,64.9032,9.592,22.6469462222222, ,15.28776,2018-5-11 00:00:00
131,18,12,5,64.8887,9.756,12.471939037037, ,12.76272,2018-5-12 00:00:00
132,18,13,5,64.8738,9.59,11.3780412592593, ,12.74868,2018-5-13 00:00:00
133,19,14,5,64.8392,9.833,10.2279261851852, ,15.3378,2018-5-14 00:00:00
134,19,15,5,64.7871,9.834,10.4578097037037, ,12.79224,2018-5-15 00:00:00
135,19,16,5,64.773,9.47272727272727,10.6360461279461, ,11.6316,2018-5-16 00:00:00
136,19,17,5,64.837,9.264,13.2133554814815, ,4.42692,2018-5-17 00:00:00
137,19,18,5,64.9311,9.336,13.0986997777778, ,7.65828,2018-5-18 00:00:00
138,19,19,5,64.9903,9.264,10.1065977777778, ,5.09904,2018-5-19 00:00:00
139,19,20,5,65.0095,9.182,10.1445328148148, ,12.744,2018-5-20 00:00:00
140,20,21,5,64.989,9.428,8.66472133333333, ,10.20636,2018-5-21 00:00:00
141,20,22,5,64.96,9.428,7.37371311111111, ,10.21536,2018-5-22 00:00:00
142,20,23,5,64.9436,9.428,10.2553810740741, ,10.21752,2018-5-23 00:00:00
143,20,24,5,64.9624,9.346,17.9840381481481, ,10.1952,2018-5-24 00:00:00
144,20,25,5,65.052,9.428,14.9149511111111, ,10.19124,2018-5-25 00:00:00
145,20,26,5,65.0582,9.428,7.61481274074074, ,10.2006,2018-5-26 00:00:00
146,20,27,5,65.0521,9.182,7.93550144444444, ,2.55708,2018-5-27 00:00:00
147,21,28,5,65.0736,9.592,7.95949444444444, ,15.31044,2018-5-28 00:00:00
148,21,29,5,65.0631,9.428,12.511124, ,10.1844,2018-5-29 00:00:00
149,21,30,5,65.0775,9.428,13.807538037037, ,10.18764,2018-5-30 00:00:00
150,21,31,5,65.1644,9.446,24.8011275185185, ,15.5183376500964,2018-5-31 00:00:00
151,22,7,6,65.0735,9.592,7.23907733333333, ,19.40688,2018-6-7 00:00:00
152,22,8,6,64.9027,9.838,6.74794511111111, ,26.19288,2018-6-8 00:00:00
153,22,9,6,64.7587,9.592,9.14221237037037, ,19.95372,2018-6-9 00:00:00
154,22,10,6,64.6591,9.51,11.5552223703704, ,19.1142,2018-6-10 00:00:00
155,23,11,6,64.5578,9.592,10.2977845925926, ,20.27592,2018-6-11 00:00:00
156,23,12,6,64.4469,9.592,10.4565135925926, ,19.57788,2018-6-12 00:00:00
157,23,13,6,64.3433,9.592,8.62785148148148, ,19.77048,2018-6-13 00:00:00
158,23,14,6,64.1867,9.674,7.38805777777778, ,23.43528,2018-6-14 00:00:00
159,23,15,6,64.0243,9.756,8.35686996296296, ,22.95216,2018-6-15 00:00:00
160,23,16,6,63.8937,9.51,9.77298, ,20.01636,2018-6-16 00:00:00
161,23,17,6,63.7765,9.428,7.92475125925926, ,13.70376,2018-6-17 00:00:00
162,24,18,6,63.6584,9.838,8.52490996296296, ,21.55464,2018-6-18 00:00:00
163,24,19,6,63.4987,9.428,8.79246303703704, ,21.54564,2018-6-19 00:00:00
164,24,20,6,63.3316,9.51,7.93999574074074, ,24.54372,2018-6-20 00:00:00
165,24,21,6,63.1858,9.694,9.38264911111111, ,22.1958657384159,2018-6-21 00:00:00
166,24,22,6,63.0636,9.776,8.73819044444445, ,27.5567184328458,2018-6-22 00:00:00
167,24,23,6,62.9603,9.51,7.25509740740741, ,14.41944,2018-6-23 00:00:00
168,24,24,6,62.9335,9.182,10.8438951851852, ,2.9304,2018-6-24 00:00:00
169,25,25,6,62.9967,9.51,7.43170518518518, ,14.60304,2018-6-25 00:00:00
170,25,26,6,62.8474,9.92,7.37787311111111, ,29.50488,2018-6-26 00:00:00
171,25,27,6,62.6889,9.756,6.78782181481481, ,26.83044,2018-6-27 00:00:00
172,25,28,6,62.5537,9.51,11.5912725925926, ,21.15504,2018-6-28 00:00:00
173,25,29,6,62.4271,9.674,8.43949488888889, ,23.4184341984733,2018-6-29 00:00:00
174,25,30,6,62.2759,9.592,5.79674025925926, ,18.69948,2018-6-30 00:00:00
175,26,1,7,62.1267272727273,9.54727272727273,5.13405420875421, ,16.3584,2018-7-1 00:00:00
176,27,2,7,61.9712,9.592,5.74924385185185, ,18.4824,2018-7-2 00:00:00
177,27,3,7,61.8359,9.602,5.60089296296296, ,21.0932421808269,2018-7-3 00:00:00
178,27,7,7,61.3189090909091,9.62181818181818,5.14594127946128, ,19.1634545454545,2018-7-7 00:00:00
179,27,8,7,61.2151,9.51,4.19260907407407, ,15.33708,2018-7-8 00:00:00
180,28,9,7,61.1026,9.51,3.66187466666667, ,15.52176,2018-7-9 00:00:00
181,28,10,7,60.9815,9.592,7.98279748148148, ,18.83376,2018-7-10 00:00:00
182,28,11,7,60.9367,9.592,19.6653952592593, ,19.26648,2018-7-11 00:00:00
183,28,12,7,60.8701,9.97,9.08250781481482, ,34.394495455411,2018-7-12 00:00:00
184,28,13,7,60.6309,9.97,6.70466288888889, ,33.0657120772947,2018-7-13 00:00:00
185,28,14,7,60.3073,9.428,6.39935518518519, ,46.5460143356643,2018-7-14 00:00:00
186,28,15,7,59.9423,9.592,6.94236148148148, ,38.5735649156813,2018-7-15 00:00:00
187,29,16,7,59.557,10.318,17.4346164444444, ,45.2232680094787,2018-7-16 00:00:00
188,29,17,7,59.1812,10.144,8.95628085185185, ,36.8653085938727,2018-7-17 00:00:00
189,29,18,7,59.0227,9.428,22.201171037037, ,15.72408,2018-7-18 00:00:00
190,29,19,7,59.1084,9.428,16.7592523703704, ,12.27168,2018-7-19 00:00:00
191,29,20,7,59.1167,6.78,10.4862492592593, ,16.21584,2018-7-20 00:00:00
192,29,21,7,59.016,9.51,7.05240774074074, ,18.96444,2018-7-21 00:00:00
193,29,22,7,58.9444,9.428,9.02529388888889, ,12.52116,2018-7-22 00:00:00
194,30,23,7,58.9112,9.182,9.46337359259259, ,15.96636,2018-7-23 00:00:00
195,30,24,7,58.8295454545455,9.64,6.49383804713805, ,25.127712338633,2018-7-24 00:00:00
196,30,25,7,58.7118,9.428,5.90854344444445, ,12.87216,2018-7-25 00:00:00
197,30,26,7,58.635,9.264,6.60325162962963, ,11.7306,2018-7-26 00:00:00
198,30,27,7,58.5997,9.428,12.2574299259259, ,13.04388,2018-7-27 00:00:00
199,30,28,7,58.5969,9.592,7.85558625925926, ,8.94168,2018-7-28 00:00:00
200,30,29,7,58.606,9.622,7.01020807407407, ,18.6834773745174,2018-7-29 00:00:00
201,31,30,7,58.5404,9.428,5.94539307407407, ,12.09204,2018-7-30 00:00:00
202,31,31,7,58.4867,9.182,6.08294777777778, ,8.9514,2018-7-31 00:00:00
203,30,1,8,58.4294545454546,9.17454545454545,5.25176303030303, ,8.21650909090909,2018-8-1 00:00:00
204,30,2,8,58.3561,9.428,5.11952674074074, ,11.92572,2018-8-2 00:00:00
205,30,3,8,58.2759,9.428,4.88092074074074, ,12.03012,2018-8-3 00:00:00
206,30,4,8,58.2039,9.1,5.03534840740741, ,11.56428,2018-8-4 00:00:00
207,30,5,8,58.1349,9.264,5.11124511111111, ,6.06384,2018-8-5 00:00:00
208,31,6,8,58.0865454545454,9.54727272727273,5.00935548821549, ,16.4631272727273,2018-8-6 00:00:00
209,31,7,8,57.9901,9.428,5.319885, ,15.38532,2018-8-7 00:00:00
210,31,8,8,57.9171,9.428,5.35774881481481, ,12.35448,2018-8-8 00:00:00
211,31,9,8,57.8421,9.428,5.26740637037037, ,11.74032,2018-8-9 00:00:00
212,31,10,8,57.7896,9.346,5.38261044444445, ,11.75472,2018-8-10 00:00:00
213,31,11,8,57.7199,9.428,5.42521107407408, ,11.87892,2018-8-11 00:00:00
214,31,12,8,57.6569,9.264,6.80437459259259, ,8.53848,2018-8-12 00:00:00
215,32,13,8,57.6304,9.428,8.0099157037037, ,11.76804,2018-8-13 00:00:00
216,32,14,8,57.594,9.428,9.01069111111111, ,12.0852,2018-8-14 00:00:00
217,32,15,8,57.595,9.346,11.3829324074074, ,9.09828,2018-8-15 00:00:00
218,32,16,8,57.5973,9.428,9.83929992592593, ,12.11328,2018-8-16 00:00:00
219,32,17,8,57.5368,9.592,8.95718640740741, ,17.39268,2018-8-17 00:00:00
220,32,18,8,57.4748,9.51,7.03897507407407, ,14.2038,2018-8-18 00:00:00
221,32,19,8,57.4015,9.51,5.71023774074074, ,17.16372,2018-8-19 00:00:00
222,33,20,8,57.3249,9.51,5.21658159259259, ,14.34348,2018-8-20 00:00:00
223,33,21,8,57.2087,9.51,4.51443766666667, ,17.39016,2018-8-21 00:00:00
224,33,22,8,57.0825,9.51,4.29706737037037, ,17.56728,2018-8-22 00:00:00
225,33,23,8,57.0072,9.1,4.74957403703704, ,2.96496,2018-8-23 00:00:00
226,33,24,8,57.0684,9.1,5.04653240740741, ,14.32,2018-8-24 00:00:00
227,33,25,8,57.1256,17.29,4.30723148148148, ,10.21,2018-8-25 00:00:00
228,33,26,8,57.1817,9.1,4.75724074074074, ,5.65,2018-8-26 00:00:00
229,34,27,8,57.2426,9.1,5.01438888888889, ,15.21,2018-8-27 00:00:00
230,34,28,8,57.3041,9.1,5.17510648148148, ,12.21,2018-8-28 00:00:00
231,34,29,8,57.3687,9.1,5.30368055555556, ,13.01,2018-8-29 00:00:00
232,34,30,8,57.4338,9.1,5.30368055555556, ,10.2,2018-8-30 00:00:00
233,34,31,8,57.4867,8.42,5.228468, ,2.77416,2018-8-31 00:00:00
234,35,4,9,57.6765,7.58333333333334,5.33755296296296, ,4.8498,2018-9-4 00:00:00
235,35,5,9,57.6605,8.18333333333333,5.48363040123457, ,15.06,2018-9-5 00:00:00
236,35,6,9,57.52325,8.45,4.90625098765432, ,16.8912,2018-9-6 00:00:00
237,35,7,9,57.3766666666667,8.6,4.83516824074074, ,19.9446,2018-9-7 00:00:00
238,35,8,9,57.1944166666667,8.6,6.59358515432099, ,22.9602,2018-9-8 00:00:00
239,35,9,9,57.0930833333333,8.3,5.4417387037037, ,14.3874,2018-9-9 00:00:00
240,36,10,9,57.0035,8.6,6.44895833333333, ,19.4811,2018-9-10 00:00:00
241,36,11,9,56.87175,8.6,5.99024490740741, ,20.262,2018-9-11 00:00:00
242,36,12,9,56.7325,8.6,5.18015521604938, ,19.7139,2018-9-12 00:00:00
243,36,13,9,56.5808333333333,8.9,5.63824324074074, ,20.8842,2018-9-13 00:00:00
244,36,14,9,56.4269166666667,8.45,7.23288274691358, ,20.2278,2018-9-14 00:00:00
245,36,15,9,56.2995,8.45,6.95435487654321, ,20.016,2018-9-15 00:00:00
246,36,16,9,56.187,8.45,8.10740614197531, ,20.3514,2018-9-16 00:00:00
247,37,17,9,56.062,8.6,6.93258086419753, ,19.7076,2018-9-17 00:00:00
248,37,18,9,55.9345833333333,8.6,7.34336518518519, ,20.1669,2018-9-18 00:00:00
249,37,19,9,55.8076666666667,8.45,7.95755432098765, ,19.3554,2018-9-19 00:00:00
250,37,20,9,55.7604166666667,7.4,7.68765817901235, ,13.25,2018-9-20 00:00:00
251,37,21,9,55.8546666666667,7.4,7.68765817901235, ,14.21,2018-9-21 00:00:00
252,37,22,9,55.9089166666667,8.0,7.76007092592593, ,12.0222,2018-9-22 00:00:00
253,37,23,9,55.8206666666667,8.45033333333333,7.57918274691358, ,19.3668,2018-9-23 00:00:00
254,38,24,9,55.745,8.15,7.02274240740741, ,12.2445,2018-9-24 00:00:00
255,38,25,9,55.6979166666667,8.3,7.23299358024692, ,14.7171,2018-9-25 00:00:00
256,38,26,9,55.582,8.31666666666667,6.37104802469136, ,27.6919039316173,2018-9-26 00:00:00
257,38,27,9,55.42975,8.15,6.60267762345679, ,14.8029,2018-9-27 00:00:00
258,38,28,9,55.362,8.3,5.80187731481481, ,14.0307,2018-9-28 00:00:00
259,38,29,9,55.307,8.05454545454546,7.17665134680135, ,10.3617818181818,2018-9-29 00:00:00
260,38,30,9,55.25475,8.15,7.16690515432099, ,14.4057,2018-9-30 00:00:00
261,39,1,10,55.2206153846154,7.95384615384615,10.1087156980057, ,8.89715230769231,2018-10-1 00:00:00
262,39,2,10,55.21675,8.0,7.17187067901235, ,8.1629625,2018-10-2 00:00:00
263,39,3,10,55.1741666666667,8.3,6.84762888888889, ,10.9459275,2018-10-3 00:00:00
264,39,4,10,55.1253333333333,8.15,6.87326462962963, ,9.6858225,2018-10-4 00:00:00
265,39,5,10,55.0700833333333,8.21,6.55829027777778, ,9.69228333333333,2018-10-5 00:00:00
266,39,6,10,55.0144166666667,8.05,6.40477077160531, ,9.83449916666667,2018-10-6 00:00:00
267,39,7,10,54.9499166666667,7.96666666666667,5.80058487654358, ,9.01079166666667,2018-10-7 00:00:00
268,40,8,10,54.8766666666667,8.15,5.84167363271689, ,10.76543675,2018-10-8 00:00:00
269,40,9,10,54.77775,8.3,5.43028876543173, ,11.76394,2018-10-9 00:00:00
270,40,10,10,54.6759166666667,8.15,5.27397021604988, ,10.1977333333333,2018-10-10 00:00:00
271,40,11,10,54.59725,8.3,7.33909558641951, ,10.83128,2018-10-11 00:00:00
272,40,12,10,54.685,8.15,41.2194327469137, ,10.9906025,2018-10-12 00:00:00
273,40,13,10,55.1209166666667,8.0,25.8894088271605, ,10.567665,2018-10-13 00:00:00
274,40,14,10,55.4139166666667,8.3,37.5233108333333, ,12.21029,2018-10-14 00:00:00
275,41,15,10,55.5071666666667,8.45,16.3925270987654, ,17.08897,2018-10-15 00:00:00
276,41,16,10,55.4375833333334,8.6,11.2206739814815, ,18.0511716666667,2018-10-16 00:00:00
277,41,17,10,55.39275,8.15,12.8087442283951, ,11.97837,2018-10-17 00:00:00
278,41,18,10,55.42175,8.15,13.4074039197531, ,8.77338,2018-10-18 00:00:00
279,41,19,10,55.4515,8.15,12.0662361111111, ,10.137625,2018-10-19 00:00:00
280,41,20,10,55.45375,8.3,11.6467161111111, ,11.8877925,2018-10-20 00:00:00
281,41,21,10,55.4566666666667,8.15,11.748484537037, ,8.93592666666667,2018-10-21 00:00:00
282,42,22,10,55.4680833333333,8.28333333333333,11.1009863888889, ,10.85991,2018-10-22 00:00:00
283,42,23,10,55.4063333333333,8.39166666666667,9.98795657407407, ,16.6577366666667,2018-10-23 00:00:00
284,42,24,10,55.3135,8.39166666666667,10.1222103395062, ,16.041975,2018-10-24 00:00:00
285,42,25,10,55.2210833333333,8.39166666666667,9.82341345679012, ,16.841415,2018-10-25 00:00:00
286,42,26,10,55.15775,8.25,8.8872562345679, ,11.08373,2018-10-26 00:00:00
287,42,27,10,55.1138333333333,8.39166666666666,8.98212916666667, ,12.598275,2018-10-27 00:00:00
288,42,28,10,55.071,8.10833333333333,8.4159687037037, ,10.666015,2018-10-28 00:00:00
289,43,29,10,55.0259166666667,8.25,8.24084641975309, ,11.585885,2018-10-29 00:00:00
290,43,30,10,54.9704166666667,8.10833333333333,7.65055157407412, ,10.46654,2018-10-30 00:00:00
291,43,31,10,54.91775,8.10833333333333,7.14945546296304, ,9.16668,2018-10-31 00:00:00
292,43,4,11,54.544,8.53333333333333,5.6481312962962, ,16.4500433333333,2018-11-4 00:00:00
293,44,5,11,54.41775,8.25,6.04924308641996, ,11.298365,2018-11-5 00:00:00
294,44,6,11,54.3183333333333,8.25,6.04362129629655, ,10.989075,2018-11-6 00:00:00
295,44,7,11,54.4216666666667,8.25,40.8158129629632, ,12.9651,2018-11-7 00:00:00
296,44,8,11,55.0458333333333,8.39166666666667,56.2489470061728, ,14.4495866666667,2018-11-8 00:00:00
297,44,9,11,55.4081666666667,8.10833333333333,27.5686951851852, ,9.88976,2018-11-9 00:00:00
298,44,10,11,55.4875,8.25,14.0136392901235, ,13.07612,2018-11-10 00:00:00
299,44,11,11,55.45375,8.39166666666666,11.1512019444444, ,14.285195,2018-11-11 00:00:00
300,45,12,11,55.4280833333333,7.825,8.66895679012346, ,9.17789583333333,2018-11-12 00:00:00
301,45,13,11,55.3844166666667,7.96666666666667,6.16337546296296, ,10.4223916666667,2018-11-13 00:00:00
302,45,14,11,55.2796666666667,8.53333333333333,5.10854163580247, ,14.5640933333333,2018-11-14 00:00:00
303,45,15,11,55.13675,8.39166666666666,5.21145925925926, ,16.6224083333333,2018-11-15 00:00:00
304,45,16,11,54.9771666666667,8.39166666666667,5.37166271604987, ,16.0886133333333,2018-11-16 00:00:00
305,45,17,11,54.79525,8.39166666666667,5.0217763580249, ,16.5611683333333,2018-11-17 00:00:00
306,45,18,11,54.6079166666667,8.39166666666667,4.96309864197568, ,16.84954,2018-11-18 00:00:00
307,46,19,11,54.4129166666667,8.39166666666667,4.82004907407412, ,16.0123916666667,2018-11-19 00:00:00
308,46,20,11,54.2249166666667,8.10833333333333,4.93959629629704, ,16.3271541666667,2018-11-20 00:00:00
309,46,21,11,54.06575,7.825,4.69886990740737, ,10.6204,2018-11-21 00:00:00
310,46,22,11,53.952,8.53333333333333,6.79090592592695, ,16.6818133333333,2018-11-22 00:00:00
311,46,23,11,53.833,8.53333333333333,12.4738626234581, ,15.70576,2018-11-23 00:00:00
312,46,24,11,53.7725833333333,8.53333333333333,12.6601078086422, ,16.3475075,2018-11-24 00:00:00
313,46,25,11,54.4166666666667,8.95833333333333,75.5468218209867, ,17.6546466666667,2018-11-25 00:00:00
314,47,26,11,54.7518333333333,8.53333333333333,32.8178587345681, ,15.3569366666667,2018-11-26 00:00:00
315,47,27,11,54.947,8.53333333333333,30.1933194444449, ,14.8905,2018-11-27 00:00:00
316,47,28,11,55.1613333333333,8.39166666666667,32.4180986111111, ,15.301675,2018-11-28 00:00:00
317,47,29,11,55.4831666666667,8.53333333333333,57.5068855246914, ,15.37209,2018-11-29 00:00:00
318,47,30,11,55.9219166666667,8.53333333333333,36.6334369135802, ,15.95444,2018-11-30 00:00:00
319,47,1,12,56.1166923076923,8.76153846153846,23.7261344444444, ,14.0089015384615,2018-12-1 00:00:00
320,47,2,12,56.2430833333333,7.825,16.9288120987654, ,4.60713,2018-12-2 00:00:00
321,47,3,12,56.3530833333333,8.81666666666666,21.6047097839506, ,15.470655,2018-12-3 00:00:00
322,47,4,12,56.4139166666667,8.39166666666667,21.7821294444444, ,15.5141433333333,2018-12-4 00:00:00
323,48,5,12,56.4743076923077,8.44615384615384,22.39665, ,16.3882846153846,2018-12-5 00:00:00
324,48,6,12,56.50525,8.81666666666666,22.9061456481481, ,21.0578933333333,2018-12-6 00:00:00
325,48,7,12,56.5028333333333,8.81666666666667,21.7689264506173, ,19.9742466666667,2018-12-7 00:00:00
326,48,8,12,56.60125,7.825,22.2434164814815, ,6.65381,2018-12-8 00:00:00
327,48,9,12,56.8415833333333,8.39166666666666,32.5375410802469, ,11.135315,2018-12-9 00:00:00
328,48,10,12,58.655,8.25,244.65372691358, ,11.345355,2018-12-10 00:00:00
329,48,11,12,60.8656153846154,8.44615384615384,193.030309059829, ,12.2237492307692,2018-12-11 00:00:00
330,49,12,12,63.0918333333333,8.81666666666666,253.666526851852, ,16.7003,2018-12-12 00:00:00
331,49,13,12,65.0741666666667,8.95833333333333,171.831980617284, ,23.67428,2018-12-13 00:00:00
332,49,14,12,65.9943333333333,9.1,111.67507808642, ,28.8822,2018-12-14 00:00:00
333,49,15,12,66.9638333333333,8.675,158.032086141975, ,10.0528191666667,2018-12-15 00:00:00
334,49,16,12,68.1641666666667,9.1,141.369095061728, ,29.1807,2018-12-16 00:00:00
335,49,17,12,69.3325384615385,8.31538461538462,154.430307350427, ,9.54795692307692,2018-12-17 00:00:00
336,49,18,12,70.3899166666667,8.53333333333333,124.699862407407, ,8.68578833333333,2018-12-18 00:00:00
337,50,19,12,71.1301666666667,7.825,97.3666352160494, ,7.6872525,2018-12-19 00:00:00
338,50,20,12,71.6304545454545,8.63636363636364,72.6538208754209, ,18.8511272727273,2018-12-20 00:00:00
339,50,21,12,71.9612,8.93,64.2465247407407, ,19.397784,2018-12-21 00:00:00
340,50,22,12,72.1864545454546,8.79090909090909,42.1263925252525, ,17.84114,2018-12-22 00:00:00
341,50,23,12,72.3888181818182,8.48181818181818,43.068844040404, ,13.00844,2018-12-23 00:00:00
342,50,24,12,72.6258181818182,8.79090909090909,51.2947841750842, ,19.2106090909091,2018-12-24 00:00:00
343,50,25,12,72.7692,8.25,29.8614564444444, ,17.319012,2018-12-25 00:00:00
344,51,26,12,72.9034,8.08,37.653269037037, ,8.876232,2018-12-26 00:00:00
345,51,27,12,73.1139,8.42,40.6626226666667, ,12.319956,2018-12-27 00:00:00
346,51,28,12,73.2795,8.25,30.7296577037037, ,8.793954,2018-12-28 00:00:00
347,51,29,12,73.6709285714286,7.88571428571429,109.103767089947, ,5.70810571428571,2018-12-29 00:00:00
348,51,30,12,74.6640833333333,8.10833333333333,165.445156944444, ,10.1332125,2018-12-30 00:00:00
349,51,31,12,75.568875,8.25,138.386328888889, ,12.77994,2018-12-31 00:00:00
350,51,1,1,,,,,,2018-1-1 00:00:00
0,1,1,1,76.18652,8.308,94.7396616,,18.5857184239451,2019-1-1 00:00:00
1,1,2,1,76.6727692307692,8.09230769230769,104.085727863248,,18.128739016202,2019-1-2 00:00:00
2,1,3,1,77.1668,8.6,89.1235306666666,,23.1685751302398,2019-1-3 00:00:00
3,1,4,1,77.5479,8.6,80.734706,,20.8849932824427,2019-1-4 00:00:00
4,1,5,1,77.8643,8.6,65.2007202222222,,22.2485588284519,2019-1-5 00:00:00
5,1,6,1,78.1107,8.6,59.5311773333333,,22.3395275842376,2019-1-6 00:00:00
6,1,7,1,78.3209,8.6,50.5985055555556,,21.9506920168209,2019-1-7 00:00:00
7,2,8,1,78.4724,8.6,46.87812,,21.8784639316239,2019-1-8 00:00:00
8,2,9,1,78.6052,8.47,41.6729753333333,,22.2570340779221,2019-1-9 00:00:00
9,2,10,1,78.7239,8.34,38.0982657777778,,19.8449097252783,2019-1-10 00:00:00
10,2,11,1,78.8178,8.6,33.2570122222222,,23.1459941401492,2019-1-11 00:00:00
11,2,12,1,78.8747,8.6,32.7233397777778,,22.7267967109542,2019-1-12 00:00:00
12,2,13,1,78.9474,8.6,34.5679124444444,,23.3474051068013,2019-1-13 00:00:00
13,2,14,1,78.9761,8.6,24.2876824444444,,24.2609975979509,2019-1-14 00:00:00
14,3,15,1,78.9734,8.3,26.0766473333333,,22.589480087853,2019-1-15 00:00:00
15,3,16,1,78.9915,8.6,29.227216,,22.3643058823529,2019-1-16 00:00:00
16,3,17,1,79.1061,8.3,53.7222691111111,,22.6304833844074,2019-1-17 00:00:00
17,3,18,1,79.2586,8.3,43.099324,,22.4895527833828,2019-1-18 00:00:00
18,3,19,1,79.3415,8.6,32.9544611111111,,22.7578611869248,2019-1-19 00:00:00
19,3,20,1,79.3605,8.6,25.6261568888889,,23.0024753164557,2019-1-20 00:00:00
20,3,21,1,79.3926,8.3,35.6278897777778,,22.9573195066804,2019-1-21 00:00:00
21,4,22,1,79.6021,8.6,71.558856,,22.645147677578,2019-1-22 00:00:00
22,4,23,1,79.8345,8.6,47.1630828888889,,21.9658741653543,2019-1-23 00:00:00
23,4,24,1,79.9361,8.6,39.5458088888889,,21.891892173913,2019-1-24 00:00:00
24,4,25,1,80.0233,8.6,35.0097475555556,,21.7994924014983,2019-1-25 00:00:00
25,4,26,1,80.0839,8.6,32.0961935555556,,21.9584466283596,2019-1-26 00:00:00
26,4,27,1,80.1334,8.6,32.0615066666667,,22.157672004111,2019-1-27 00:00:00
27,4,28,1,80.1679,8.6,28.7343422222222,,22.0162604651163,2019-1-28 00:00:00
28,5,29,1,80.2004,8.6,28.6557173333333,,22.0713072229822,2019-1-29 00:00:00
29,5,30,1,80.22,8.6,22.9686475555556,,22.1297127443609,2019-1-30 00:00:00
30,5,31,1,80.229,8.4,20.987577037037,,18.4043856,2019-1-31 00:00:00
31,5,1,2,80.2097272727273,8.49090909090909,19.0708967676768,,19.6170096973458,2019-2-1 00:00:00
32,5,2,2,80.2213,8.6,22.9198593333333,,21.8496952011096,2019-2-2 00:00:00
33,5,3,2,80.2491,8.6,20.0527897777778,,12.53304,2019-2-3 00:00:00
34,5,4,2,80.29725,8.53333333333333,21.6367794444444,,16.6296,2019-2-4 00:00:00
35,6,5,2,80.3323,8.64,19.0041102222222,,15.04332,2019-2-5 00:00:00
36,6,6,2,80.3912,8.08,23.2515506666667,,10.03788,2019-2-6 00:00:00
37,6,7,2,80.437,8.08,14.8958695555556,,9.07488,2019-2-7 00:00:00
38,6,8,2,80.4625,8.08,16.3649128888889,,10.02024,2019-2-8 00:00:00
39,6,9,2,80.5081,8.08,17.3182108888889,,11.24676,2019-2-9 00:00:00
40,6,10,2,80.5612,8.08,18.8959075555556,,11.60208,2019-2-10 00:00:00
41,6,11,2,80.6124,7.91,16.51197,,8.3862,2019-2-11 00:00:00
42,7,12,2,80.6534,8.08,14.8947855555556,,11.03256,2019-2-12 00:00:00
43,7,13,2,80.689,7.57,13.110834,,6.10164,2019-2-13 00:00:00
44,7,14,2,80.7269,7.74,15.8566722222222,,8.77032,2019-2-14 00:00:00
45,7,15,2,80.7531,7.91,13.1846764444444,,9.15732,2019-2-15 00:00:00
46,7,16,2,80.7609,7.91,12.5249797777778,,11.68884,2019-2-16 00:00:00
47,7,17,2,80.7613,7.91,12.3130088888889,,11.74608,2019-2-17 00:00:00
48,7,18,2,80.7637,8.08,12.3767244444444,,11.745,2019-2-18 00:00:00
49,8,19,2,80.7464,7.91,11.5465417777778,,17.8378965769677,2019-2-19 00:00:00
50,8,20,2,80.7124,8.5,11.690024,,21.3184601178866,2019-2-20 00:00:00
51,8,21,2,80.6764,8.22,11.3604644444444,,18.2612705390595,2019-2-21 00:00:00
52,8,22,2,80.6292,8.5,8.78085488888889,,22.0916967173252,2019-2-22 00:00:00
53,8,23,2,80.5393,9.1,7.760668,,29.63304,2019-2-23 00:00:00
54,8,24,2,80.5119,8.59,27.0364384444444,,20.83644,2019-2-24 00:00:00
55,8,25,2,80.5297,8.08,15.4340691111111,,17.68788,2019-2-25 00:00:00
56,9,26,2,80.4985,8.64,14.1189724444444,,27.2274668423444,2019-2-26 00:00:00
57,9,27,2,80.4416,8.42,12.1239657777778,,18.15552,2019-2-27 00:00:00
58,9,28,2,80.3957,8.25,7.75294133333333,,17.97516,2019-2-28 00:00:00
59,9,1,3,80.3335454545455,7.70909090909091,3.15264464646465,,8.38472727272727,2019-3-1 00:00:00
60,9,2,3,80.2839,8.25,3.26489555555556,,18.02196,2019-3-2 00:00:00
61,9,3,3,80.1889,8.76,3.12543588888889,,24.23484,2019-3-3 00:00:00
62,9,4,3,80.0882,8.76,3.20383444444444,,24.2766,2019-3-4 00:00:00
63,10,5,3,80.0041,8.591,8.83512733333333,,24.85944,2019-3-5 00:00:00
64,10,6,3,79.993,8.42,13.4398357777778,,18.04068,2019-3-6 00:00:00
65,10,7,3,79.9997,8.42,13.6007788888889,,18.17676,2019-3-7 00:00:00
66,10,8,3,80.001,8.25,15.5663924444444,,18.33696,2019-3-8 00:00:00
67,10,9,3,79.9805,8.25,14.4417571111111,,18.4158,2019-3-9 00:00:00
68,10,10,3,79.9714,8.42,14.4777844444444,,18.53712,2019-3-10 00:00:00
69,10,11,3,79.9496,8.42,12.2236817777778,,18.80352,2019-3-11 00:00:00
70,11,12,3,79.9122,8.42,12.597546,,18.52344,2019-3-12 00:00:00
71,11,13,3,79.8716,8.42,12.7699115555556,,18.57672,2019-3-13 00:00:00
72,11,14,3,79.8358,8.25,12.1943728888889,,18.2178,2019-3-14 00:00:00
73,11,15,3,79.8,8.42,12.3407306666667,,18.31176,2019-3-15 00:00:00
74,11,16,3,79.744,8.42,7.12682222222222,,18.39528,2019-3-16 00:00:00
75,11,17,3,79.637,8.42,4.36301977777778,,21.62376,2019-3-17 00:00:00
76,11,18,3,79.5403,8.42,4.12310511111111,,18.65484,2019-3-18 00:00:00
77,12,19,3,79.4349,8.42,3.398184,,21.94776,2019-3-19 00:00:00
78,12,20,3,79.3512,8.76,8.10896122222222,,24.67404,2019-3-20 00:00:00
79,12,21,3,79.3292,8.76,11.37984,,24.46128,2019-3-21 00:00:00
80,12,22,3,79.3316,8.76,12.5858222222222,,24.94332,2019-3-22 00:00:00
81,12,23,3,79.3309,8.76,14.4869688888889,,24.57576,2019-3-23 00:00:00
82,12,24,3,79.3317,8.42,13.3490711111111,,18.927,2019-3-24 00:00:00
83,12,25,3,79.2609,8.93,3.99515311111111,,24.63048,2019-3-25 00:00:00
84,13,26,3,79.1431,8.59,4.18867555555556,,24.75684,2019-3-26 00:00:00
85,13,27,3,79.0349,8.59,4.29015777777778,,24.91632,2019-3-27 00:00:00
86,13,28,3,78.9399,8.42,3.72768,,18.7092,2019-3-28 00:00:00
87,13,29,3,78.8381,8.42,4.34590777777778,,18.54,2019-3-29 00:00:00
88,13,30,3,78.7465,24.8,5.14217533333333,,19.05444,2019-3-30 00:00:00
89,13,31,3,78.6629,8.08,6.194244,,18.50508,2019-3-31 00:00:00
90,14,1,4,78.5826363636364,8.48181818181818,4.99823474747475,,16.2733090909091,2019-4-1 00:00:00
91,15,2,4,78.493,8.42,5.70304733333333,,17.48088,2019-4-2 00:00:00
92,15,3,4,78.3846,8.93,4.35017066666667,,26.30772,2019-4-3 00:00:00
93,15,4,4,78.26,9.1,4.12883111111111,,29.25468,2019-4-4 00:00:00
94,15,5,4,78.1799,8.42,3.45252666666667,,17.90028,2019-4-5 00:00:00
95,15,6,4,78.0925,8.42,3.86118711111111,,17.92404,2019-4-6 00:00:00
96,15,7,4,78.0694,8.25,4.92183111111111,,17.67492,2019-4-7 00:00:00
97,15,8,4,78.0469,8.42,3.50913911111111,,18.05112,2019-4-8 00:00:00
98,16,9,4,77.9495,8.25,3.93123155555556,,18.27936,2019-4-9 00:00:00
99,16,10,4,77.8518,8.25,2.394632,,18.57492,2019-4-10 00:00:00
100,16,11,4,77.744,8.42,3.18213877777778,,18.34236,2019-4-11 00:00:00
101,16,12,4,77.628,8.72222222222222,2.97404444444444,,24.2188,2019-4-12 00:00:00
102,16,13,4,77.5193,8.42,2.50486488888889,,17.991,2019-4-13 00:00:00
103,16,14,4,77.4202,8.25,2.71711866666667,,15.16896,2019-4-14 00:00:00
104,16,15,4,77.3169,8.42,2.55310133333333,,18.39636,2019-4-15 00:00:00
105,17,16,4,77.1877,8.68,2.41109844444444,,27.3364751466127,2019-4-16 00:00:00
106,17,17,4,77.0032,9.1,1.71465288888889,,31.2408,2019-4-17 00:00:00
107,17,18,4,76.8235,9.1,2.57599555555556,,31.44816,2019-4-18 00:00:00
108,17,19,4,76.6035,9.1,3.39247333333333,,31.72032,2019-4-19 00:00:00
109,17,20,4,76.1133,9.1,1.368,,32.21856,2019-4-20 00:00:00
110,17,21,4,75.6385,9.1,1.326,,32.87736,2019-4-21 00:00:00
111,17,22,4,75.4061,9.1,2.05091111111111,,31.4118,2019-4-22 00:00:00
112,18,23,4,75.2645,9.1,15.6377355555556,,25.71156,2019-4-23 00:00:00
113,18,24,4,75.3085,8.42,24.9948311111111,,12.9816,2019-4-24 00:00:00
114,18,25,4,75.4262,8.08,29.499408,,12.5586,2019-4-25 00:00:00
115,18,26,4,75.584,8.08,26.1799648888889,,17.4924227848101,2019-4-26 00:00:00
116,18,27,4,75.6397,8.08,22.0803555555556,,12.74652,2019-4-27 00:00:00
117,18,28,4,75.6759,8.08,18.8390111111111,,15.63264,2019-4-28 00:00:00
118,18,29,4,75.6423,8.25,5.11711177777778,,15.561,2019-4-29 00:00:00
119,19,30,4,75.5312,8.25,2.14848222222222,,14.93352,2019-4-30 00:00:00
120,17,1,5,75.4150909090909,8.30909090909091,1.9858298989899,,13.9372363636364,2019-5-1 00:00:00
121,17,2,5,75.2823,8.25,2.32055555555556,,18.3092828193833,2019-5-2 00:00:00
122,17,3,5,75.0195,8.59,1.96705555555556,,21.89448,2019-5-3 00:00:00
123,17,4,5,74.6609,8.59,1.72451348148148,,21.64032,2019-5-4 00:00:00
124,17,5,5,74.4287,8.25,2.28103703703704,,19.00728,2019-5-5 00:00:00
125,17,6,5,74.2719,8.42,2.49355911111111,,20.72844,2019-5-6 00:00:00
126,18,7,5,74.1598,8.59,2.24932148148148,,20.67912,2019-5-7 00:00:00
127,18,8,5,74.0531,8.59,10.3157055555556,,20.51568,2019-5-8 00:00:00
128,18,9,5,74.0148,8.59,22.6953988148148,,20.81448,2019-5-9 00:00:00
129,18,10,5,74.0404,8.08,22.6762615555555,,19.89648,2019-5-10 00:00:00
130,18,11,5,74.093,7.91,23.5651118518518,,8.64828,2019-5-11 00:00:00
131,18,12,5,74.185,7.91,15.7626405925926,,8.70336,2019-5-12 00:00:00
132,18,13,5,74.1602,8.76,8.34787040740741,,23.31288,2019-5-13 00:00:00
133,19,14,5,74.0137,9.1,9.36832296296296,,29.34936,2019-5-14 00:00:00
134,19,15,5,73.8607,9.1,6.58392296296296,,29.49696,2019-5-15 00:00:00
135,19,16,5,73.6613,9.1,2.21421629629629,,30.01392,2019-5-16 00:00:00
136,19,17,5,73.4074,9.1,1.83394074074074,,33.62504,2019-5-17 00:00:00
137,19,18,5,72.9003,9.1,1.134,,35.62116,2019-5-18 00:00:00
138,19,19,5,72.3939,9.1,8.62689111111111,,28.06146,2019-5-19 00:00:00
139,19,20,5,72.2461,9.1,8.75631259259259,,29.41524,2019-5-20 00:00:00
140,20,21,5,71.7692,9.1,1.40949333333333,,35.92404,2019-5-21 00:00:00
141,20,22,5,71.2962,9.1,1.60456296296296,,35.78616,2019-5-22 00:00:00
142,20,23,5,70.8229,9.1,1.414,,35.81712,2019-5-23 00:00:00
143,20,24,5,70.3919,9.1,1.49629037037037,,44.6202562222831,2019-5-24 00:00:00
144,20,25,5,69.905,10.27,1.90006777777778,,56.6922572809668,2019-5-25 00:00:00
145,20,26,5,69.4071,10.4,5.50673,,59.18148,2019-5-26 00:00:00
146,20,27,5,69.0381,10.14,22.0477697777778,,50.452272,2019-5-27 00:00:00
147,21,28,5,69.2175,10.01,44.4443418518519,,41.8370789189189,2019-5-28 00:00:00
148,21,29,5,69.3112,10.14,55.4433822222222,,40.99068,2019-5-29 00:00:00
149,21,30,5,69.4067,10.27,58.1054806666667,,47.8680650847458,2019-5-30 00:00:00
150,21,31,5,69.4413,10.14,42.2739240740741,,48.8137037837838,2019-5-31 00:00:00
151,21,1,6,69.4361818181818,10.1636363636364,51.9590612794613,,47.3648727272727,2019-6-1 00:00:00
152,21,2,6,69.4612,10.01,47.2318577777778,,50.28228,2019-6-2 00:00:00
153,21,3,6,69.2628,10.4,16.37067,,57.56292,2019-6-3 00:00:00
154,22,4,6,68.918,9.62,5.03392725925926,,34.9461849056604,2019-6-4 00:00:00
155,22,5,6,68.6833,9.1,4.48609037037037,,30.37572,2019-6-5 00:00:00
156,22,6,6,68.4646,9.1,4.24928333333333,,28.7982,2019-6-6 00:00:00
157,22,7,6,68.2589,9.1,5.9568362962963,,29.16504,2019-6-7 00:00:00
158,22,8,6,68.0858,9.1,14.8102133333333,,29.66076,2019-6-8 00:00:00
159,22,9,6,68.0399,9.1,26.000357037037,,30.09024,2019-6-9 00:00:00
160,22,10,6,67.9446,9.1,13.7802096296296,,30.33108,2019-6-10 00:00:00
161,23,11,6,67.8598,8.42,10.3717339259259,,17.95284,2019-6-11 00:00:00
162,23,12,6,67.7731,9.1,13.2723066666667,,29.91564,2019-6-12 00:00:00
163,23,13,6,67.6951,9.1,23.6256581481482,,30.23676,2019-6-13 00:00:00
164,23,14,6,67.6354,9.1,22.6839507407407,,30.18096,2019-6-14 00:00:00
165,23,15,6,67.5843,9.1,19.3819436296296,,29.39976,2019-6-15 00:00:00
166,23,16,6,67.4772,9.1,13.9538988888889,,29.90376,2019-6-16 00:00:00
167,23,17,6,67.3057,9.1,7.05540296296296,,29.43144,2019-6-17 00:00:00
168,24,18,6,67.1108,9.1,6.75302259259259,,29.45268,2019-6-18 00:00:00
169,24,19,6,66.908,9.1,6.05331814814815,,30.13992,2019-6-19 00:00:00
170,24,20,6,66.6999,9.1,6.30925851851852,,30.07224,2019-6-20 00:00:00
171,24,21,6,66.5046,9.1,6.77907444444445,,29.10888,2019-6-21 00:00:00
172,24,22,6,66.3041,9.1,5.81128407407407,,29.71296,2019-6-22 00:00:00
173,24,23,6,66.1008,9.1,6.03343962962963,,28.82556,2019-6-23 00:00:00
174,24,24,6,65.9158,9.1,9.93827555555556,,28.80072,2019-6-24 00:00:00
175,25,25,6,65.8458,9.1,29.27785,,28.0296,2019-6-25 00:00:00
176,25,26,6,65.8619,9.1,29.4414410740741,,27.43668,2019-6-26 00:00:00
177,25,27,6,65.8462,9.1,24.977688962963,,28.68372,2019-6-27 00:00:00
178,25,28,6,65.8189,9.1,24.2378059259259,,27.93312,2019-6-28 00:00:00
179,25,29,6,65.7866,8.59,13.6265658888889,,19.86912,2019-6-29 00:00:00
180,25,30,6,65.7499,8.08,9.76585185185185,,15.24852,2019-6-30 00:00:00
181,26,1,7,65.6785454545454,8.17272727272727,2.88145016835017,,13.5566181818182,2019-7-1 00:00:00
182,27,2,7,65.5521,8.25,2.52245422222222,,14.76,2019-7-2 00:00:00
183,27,3,7,65.4592,8.25,5.7419317037037,,14.89464,2019-7-3 00:00:00
184,27,4,7,65.3728,7.74,4.11050603771555,,14.47524,2019-7-4 00:00:00
185,27,5,7,65.2585,8.08,2.34554244444444,,17.61084,2019-7-5 00:00:00
186,27,6,7,65.094,8.25,1.52580325925926,,17.60616,2019-7-6 00:00:00
187,27,7,7,64.9176,8.08,1.62808192592593,,17.60688,2019-7-7 00:00:00
188,27,8,7,64.7422,8.25,2.22701685185185,,21.57228,2019-7-8 00:00:00
189,28,9,7,64.5582,7.91,1.67316637037037,,14.3874,2019-7-9 00:00:00
190,28,10,7,64.4505,8.25,1.81217762962963,,17.96652,2019-7-10 00:00:00
191,28,11,7,64.3082,8.42,2.32182481481481,,21.57336,2019-7-11 00:00:00
192,28,12,7,64.1618,8.08,4.89167253173802,,16.15248,2019-7-12 00:00:00
193,28,13,7,64.2136,8.08,6.699372,,16.99272,2019-7-13 00:00:00
194,28,14,7,64.1668,8.25,3.76548170801911,,17.68932,2019-7-14 00:00:00
195,28,15,7,64.0318,8.25,1.63538922667044,,17.739,2019-7-15 00:00:00
196,29,16,7,63.8862,8.08,1.59014511111111,,17.89128,2019-7-16 00:00:00
197,29,17,7,63.7412,8.25,1.57347955555556,,17.90064,2019-7-17 00:00:00
198,29,18,7,63.5349,8.25,2.20276851851852,,17.96436,2019-7-18 00:00:00
199,29,19,7,62.9396,8.25,1.6817962962963,,17.97408,2019-7-19 00:00:00
200,29,20,7,61.8257272727273,8.32727272727273,1.58989898989899,,19.6069090909091,2019-7-20 00:00:00
201,29,21,7,61.0876,8.42,1.4479902962963,,14.38452,2019-7-21 00:00:00
202,29,22,7,60.8861,7.91,2.25489725925926,,10.78596,2019-7-22 00:00:00
203,30,23,7,60.8288,8.08,4.78720733333333,,14.382,2019-7-23 00:00:00
204,30,24,7,60.7604,8.08,4.69077539735716,,14.38488,2019-7-24 00:00:00
205,30,25,7,60.4462,8.08,3.14957873245917,,14.37984,2019-7-25 00:00:00
206,30,26,7,59.9274,7.91,1.90283333333333,,10.78848,2019-7-26 00:00:00
207,30,27,7,59.5419,7.91,2.10231018518518,,10.79064,2019-7-27 00:00:00
208,30,28,7,59.1046,7.74,1.72281444444444,,10.78704,2019-7-28 00:00:00
209,30,29,7,58.7983,7.91,1.70785822222222,,10.78776,2019-7-29 00:00:00
210,31,30,7,58.7936,8.25,1.73515740740741,,10.77984,2019-7-30 00:00:00
211,31,31,7,58.7963,7.91,1.59430555555556,,10.78308,2019-7-31 00:00:00
212,32,13,8,56.9045,8.25,2.36530092592593,,17.98452,2019-8-13 00:00:00
213,32,14,8,56.8549,8.08,5.59131744444445,,13.19508,2019-8-14 00:00:00
214,32,15,8,56.8046,8.08,5.618499,,14.71572,2019-8-15 00:00:00
215,32,16,8,56.7299,8.08,5.64659651851852,,12.20256,2019-8-16 00:00:00
216,32,17,8,56.6471,8.08,5.55197418518519,,12.33792,2019-8-17 00:00:00
217,32,18,8,56.5664,8.08,5.95440466666667,,12.05676,2019-8-18 00:00:00
218,32,19,8,56.4858,8.08,5.72191314814815,,11.97072,2019-8-19 00:00:00
219,33,20,8,56.4023,8.08,5.264519,,11.9484,2019-8-20 00:00:00
220,33,21,8,56.3243,8.08,5.24641366666667,,11.2176,2019-8-21 00:00:00
221,33,22,8,56.2596,8.08,5.56983866666667,,14.09472,2019-8-22 00:00:00
222,33,23,8,56.1688,8.08,5.456493,,11.41776,2019-8-23 00:00:00
223,33,24,8,56.0831,8.08,5.131205,,11.45448,2019-8-24 00:00:00
224,33,25,8,56.0002,8.08,5.35156418518519,,11.57688,2019-8-25 00:00:00
225,33,26,8,55.9174,7.91,5.04206981481481,,11.58876,2019-8-26 00:00:00
226,34,27,8,55.8288,8.08,5.29760818518519,,11.69496,2019-8-27 00:00:00
227,34,28,8,55.7644,8.02,7.36426937037037,,11.7054,2019-8-28 00:00:00
228,34,29,8,55.6047692307692,9.1,21.2476771225071,,29.4596307692308,2019-8-29 00:00:00
229,34,30,8,55.83,9.1,62.8324726851852,,29.0481,2019-8-30 00:00:00
230,34,31,8,55.9587083333333,9.1,18.5923277777778,,29.13315,2019-8-31 00:00:00
231,34,1,9,55.76484,9.1,11.4538035555556,,28.390752,2019-9-1 00:00:00
232,34,2,9,55.5512916666667,9.1,20.0426212962963,,29.94555,2019-9-2 00:00:00
233,35,3,9,57.677625,8.675,284.461216388889,,22.25895,2019-9-3 00:00:00
234,35,7,9,58.5464583333333,9.1,10.8587708333333,,28.9395,2019-9-7 00:00:00
235,35,8,9,58.3595384615385,8.96923076923077,11.629054985755,,29.0796923076923,2019-9-8 00:00:00
236,35,9,9,58.1558,9.1,11.1628294444444,,28.61676,2019-9-9 00:00:00
237,36,13,9,57.7226666666667,8.53333333333333,8.39183012345679,,22.1865,2019-9-13 00:00:00
238,36,14,9,57.6041666666667,7.96666666666667,8.77817524691358,,19.8243,2019-9-14 00:00:00
239,36,15,9,57.5018181818182,8.48181818181818,7.6119104040404,,16.3443272727273,2019-9-15 00:00:00
240,37,19,9,57.44025,9.1,26.5469958333333,,28.1253,2019-9-19 00:00:00
241,37,20,9,57.4075,9.1,23.6067288580247,,28.4406,2019-9-20 00:00:00
242,37,21,9,57.3581666666667,9.1,24.8546160493827,,28.9059,2019-9-21 00:00:00
243,37,22,9,57.3388333333333,9.1,24.5544490740741,,29.3229,2019-9-22 00:00:00
244,37,23,9,57.3213333333333,9.1,25.6349277777778,,29.5107,2019-9-23 00:00:00
245,38,24,9,57.2533333333333,9.1,17.3803350308642,,30.0447,2019-9-24 00:00:00
246,38,25,9,57.1073333333333,9.1,9.47171851851852,,30.0063,2019-9-25 00:00:00
247,38,26,9,56.8720833333333,8.53333333333333,7.33666916666667,,19.7025,2019-9-26 00:00:00
248,38,27,9,56.65725,8.25,5.94049061728395,,17.2524,2019-9-27 00:00:00
249,38,28,9,56.4960833333333,7.96666666666667,5.90496324074074,,17.3751,2019-9-28 00:00:00
250,38,29,9,56.3253333333333,8.53333333333333,6.60527512345679,,17.4156,2019-9-29 00:00:00
251,38,30,9,56.2293333333333,8.53333333333333,8.71719521604938,,17.4897,2019-9-30 00:00:00
252,39,1,10,56.2136923076923,7.87692307692308,6.76796652421653,,16.2105230769231,2019-10-1 00:00:00
253,39,2,10,56.1645,8.10833333333333,7.05843330246914,,12.5844,2019-10-2 00:00:00
254,39,3,10,56.1365833333333,8.39166666666666,6.96000611111111,,17.6811,2019-10-3 00:00:00
255,39,4,10,56.1276666666667,8.25,7.58574074074074,,15.3336,2019-10-4 00:00:00
256,39,5,10,56.1029166666667,8.10833333333333,8.44860679012346,,15.5436,2019-10-5 00:00:00
257,39,6,10,56.096,8.25,14.0180081172839,,14.9397,2019-10-6 00:00:00
258,40,10,10,55.9176666666667,8.10833333333333,6.33416666666667,,12.6339,2019-10-10 00:00:00
259,40,11,10,55.83025,8.10833333333333,5.05298611111111,,12.6318,2019-10-11 00:00:00
260,40,12,10,55.5370833333333,8.25,4.31035277777778,,17.7999,2019-10-12 00:00:00
261,40,13,10,55.2771666666667,7.96666666666667,4.3475,,12.7851,2019-10-13 00:00:00
262,40,14,10,55.2108333333333,7.825,5.46226851851852,,12.8709,2019-10-14 00:00:00
263,41,15,10,55.4441666666667,7.96666666666667,24.3814543827161,,12.7665,2019-10-15 00:00:00
264,41,19,10,56.0136666666667,8.10833333333333,20.1629706481481,,12.2541,2019-10-19 00:00:00
265,41,20,10,56.0628333333333,8.25,16.8118133333333,,14.697,2019-10-20 00:00:00
266,41,21,10,56.092,7.96666666666667,12.2432840740741,,12.2172,2019-10-21 00:00:00
267,42,22,10,56.0809166666667,8.39166666666667,10.330684845679,,17.1402,2019-10-22 00:00:00
268,42,23,10,56.0804166666667,8.39166666666667,9.73458453703704,,17.1543,2019-10-23 00:00:00
269,42,24,10,56.08275,8.39166666666667,10.0583175925926,,17.2803,2019-10-24 00:00:00
270,42,25,10,56.0766666666667,8.675,11.4469158024691,,22.5075,2019-10-25 00:00:00
271,42,26,10,56.0558333333333,9.1,29.2643137345679,,30.3321,2019-10-26 00:00:00
272,42,27,10,56.0734166666667,9.1,34.4892733024691,,30.9267,2019-10-27 00:00:00
273,42,28,10,56.09275,9.1,28.8714811728395,,31.1751,2019-10-28 00:00:00
274,43,29,10,56.0516666666667,9.1,28.5350691358025,,30.0351,2019-10-29 00:00:00
275,43,30,10,56.0850833333333,8.53333333333333,28.4218234876543,,19.6734,2019-10-30 00:00:00
276,43,31,10,58.6806666666667,8.62777777777777,372.61592037037,,18.6678,2019-10-31 00:00:00
277,43,1,11,60.48188,9.984,107.235464888889,,52.1514387692308,2019-11-1 00:00:00
278,43,2,11,60.868125,10.4,109.46612962963,,55.269,2019-11-2 00:00:00
279,43,3,11,61.6613333333333,10.4,122.784730833333,,54.1465697991392,2019-11-3 00:00:00
280,43,4,11,62.2352222222222,9.73333333333334,82.5594897119342,,42.4491551020408,2019-11-4 00:00:00
281,44,5,11,62.4720833333333,10.4,79.1279885802469,,63.4992,2019-11-5 00:00:00
282,44,6,11,62.4969166666667,10.4,57.3622895061729,,64.0557,2019-11-6 00:00:00
283,44,7,11,62.3765833333333,10.4,49.7859098765432,,63.3027,2019-11-7 00:00:00
284,44,8,11,62.2021666666667,10.4,46.1495206790123,,63.9228,2019-11-8 00:00:00
285,44,9,11,61.9876666666667,10.4,38.2049725308642,,63.7764,2019-11-9 00:00:00
286,45,13,11,64.8367894736842,10.4,98.2631251461988,,62.3095578947368,2019-11-13 00:00:00
287,45,14,11,65.0446666666667,10.4,71.3799583333333,,63.4635,2019-11-14 00:00:00
288,45,15,11,65.0879166666667,10.4,59.9333138888889,,63.0103294936132,2019-11-15 00:00:00
289,45,16,11,65.0159166666667,10.4,50.5293114197531,,63.2031,2019-11-16 00:00:00
290,45,17,11,64.8524166666667,10.4,45.0761444444444,,63.7917,2019-11-17 00:00:00
291,45,18,11,64.6364166666667,10.4,40.4329564814815,,65.0946,2019-11-18 00:00:00
292,46,19,11,64.3756666666667,10.4,41.411487037037,,65.7807,2019-11-19 00:00:00
293,46,20,11,64.0980833333333,10.4,36.197674691358,,64.7259,2019-11-20 00:00:00
294,46,21,11,63.80075,10.4,32.5337993827161,,63.2715,2019-11-21 00:00:00
295,46,22,11,63.4630833333333,10.4,28.9983484567901,,63.7326,2019-11-22 00:00:00
296,46,23,11,63.1054166666667,10.4,28.7419185185185,,64.6134,2019-11-23 00:00:00
297,46,24,11,62.7071666666667,10.4,24.4456450617284,,65.061,2019-11-24 00:00:00
298,46,25,11,62.3075,10.4,26.2091944135802,,65.7717697658863,2019-11-25 00:00:00
299,47,26,11,62.2655833333333,10.4,70.6126206481481,,46.1268423281549,2019-11-26 00:00:00
300,47,27,11,62.333,10.4,49.8132147530864,,62.8213509481669,2019-11-27 00:00:00
301,47,28,11,62.21125,10.4,53.0961305555556,,63.3312,2019-11-28 00:00:00
302,47,29,11,62.1133333333333,10.4,49.0054700617284,,62.6319,2019-11-29 00:00:00
303,47,30,11,61.61625,10.4,33.669837962963,,63.7194,2019-11-30 00:00:00
304,47,1,12,61.2329230769231,9.6,22.911182051282,,55.7673230769231,2019-12-1 00:00:00
305,47,2,12,60.9099166666667,10.4,50.7984537037037,,61.131,2019-12-2 00:00:00
306,47,3,12,61.2089166666667,8.4,66.7027184567901,,20.8792421052632,2019-12-3 00:00:00
307,47,4,12,61.6945833333333,8.25,58.742104691358,,13.9479,2019-12-4 00:00:00
308,48,5,12,62.0191666666667,8.25,33.8693537037037,,14.8272,2019-12-5 00:00:00
309,48,6,12,62.0189166666667,8.25,22.5449215740741,,14.9835,2019-12-6 00:00:00
310,48,7,12,62.0350833333333,8.25,23.1378271604938,,14.1915,2019-12-7 00:00:00
311,48,8,12,62.0303333333333,8.10833333333333,24.2900024691358,,12.7593,2019-12-8 00:00:00
312,48,9,12,62.03675,8.10833333333333,23.0478005555556,,13.0119,2019-12-9 00:00:00
313,48,10,12,62.10725,8.10833333333333,19.7277990740741,,13.8723,2019-12-10 00:00:00
314,48,11,12,62.1488333333333,8.10833333333333,18.0043145061728,,12.6834,2019-12-11 00:00:00
315,49,12,12,62.1885,7.96666666666667,11.671820308642,,10.2633,2019-12-12 00:00:00
316,49,13,12,62.2060833333333,7.96666666666667,7.71152777777778,,7.9989,2019-12-13 00:00:00
317,49,14,12,62.1904166666667,7.825,7.0531649382716,,8.0172,2019-12-14 00:00:00
318,49,15,12,62.1658333333333,7.96666666666667,7.11631092592593,,8.0328,2019-12-15 00:00:00
319,49,16,12,62.1335454545454,8.01818181818182,8.13882525252525,,10.0119272727273,2019-12-16 00:00:00
320,49,17,12,62.0834545454545,8.32727272727273,9.38625057239057,,13.6849090909091,2019-12-17 00:00:00
321,49,18,12,62.0954,7.57,16.010287037037,,10.85688,2019-12-18 00:00:00
322,50,19,12,62.1458181818182,8.17272727272727,22.4609090909091,,12.3159272727273,2019-12-19 00:00:00
323,50,20,12,62.2045,7.91,22.019,,10.836,2019-12-20 00:00:00
324,50,21,12,62.247,8.08,16.3082407407407,,10.89864,2019-12-21 00:00:00
325,50,22,12,62.291,8.08,18.1111574074074,,10.8252,2019-12-22 00:00:00
326,50,23,12,62.3453,7.91,19.183,,10.91736,2019-12-23 00:00:00
327,50,24,12,62.5124,7.91,36.997217037037,,10.02276,2019-12-24 00:00:00
328,50,25,12,63.0289,8.08,54.3125218518519,,10.12428,2019-12-25 00:00:00
329,51,26,12,63.5093,8.08,53.4597365185185,,10.1196,2019-12-26 00:00:00
330,51,27,12,63.9853,7.74,52.3725608148148,,10.08324,2019-12-27 00:00:00
331,51,28,12,64.5311,8.08,75.9929634074074,,10.12608,2019-12-28 00:00:00
332,51,29,12,65.3497,8.08,97.9091548148148,,10.12536,2019-12-29 00:00:00
333,51,30,12,66.128,8.08,96.90923,,10.13076,2019-12-30 00:00:00
334,51,31,12,67.0574,7.91,144.536446,,10.12644,2019-12-31 00:00:00
335,51,1,1,61.2329230769231,9.6,22.911182051282,,55.7673230769231,2019-1-1 00:00:00
0,1,1,1,68.7128181818182,7.70909090909091,14.6699356902357,,8.18116363636364,2020-1-1 00:00:00
1,1,2,1,68.7882,8.08,15.961114,,11.98296,2020-1-2 00:00:00
2,1,3,1,68.8488,8.08,15.816906,,11.87784,2020-1-3 00:00:00
3,1,4,1,68.8801,7.91,13.4792060740741,,11.89332,2020-1-4 00:00:00
4,1,5,1,68.9279,7.74,12.7680901481481,,8.80344,2020-1-5 00:00:00
5,2,6,1,68.97,8.08,12.0160935555556,,11.80512,2020-1-6 00:00:00
6,2,7,1,68.9862,8.08,11.8486363703704,,10.8828,2020-1-7 00:00:00
7,2,8,1,68.997,8.08,11.3882622962963,,11.74716,2020-1-8 00:00:00
8,2,9,1,69.0062,7.91,11.4339883703704,,11.727,2020-1-9 00:00:00
9,2,10,1,69.0109,8.08,11.0003459259259,,11.72412,2020-1-10 00:00:00
10,2,11,1,69.0207,8.08,11.8024696296296,,11.69856,2020-1-11 00:00:00
11,2,12,1,69.03,8.08,11.395351037037,,11.6874,2020-1-12 00:00:00
12,3,13,1,69.0368,7.91,11.0369118518519,,11.69496,2020-1-13 00:00:00
13,3,14,1,69.0253,8.08,8.18712933333334,,12.2994,2020-1-14 00:00:00
14,3,15,1,69.0071,7.74,8.25776807407407,,12.30732,2020-1-15 00:00:00
15,3,16,1,68.9917,7.91,8.87791014814815,,11.682,2020-1-16 00:00:00
16,3,17,1,68.9789,7.91,8.89478007407407,,12.31344,2020-1-17 00:00:00
17,3,18,1,68.9598,7.91,8.81285896296297,,11.96244,2020-1-18 00:00:00
18,3,19,1,68.9518,7.91,9.26080459259259,,8.97588,2020-1-19 00:00:00
19,4,20,1,68.9464,7.91,9.158372,,11.66256,2020-1-20 00:00:00
20,4,21,1,68.9676,7.74,9.13710703703704,,5.84136,2020-1-21 00:00:00
21,4,22,1,69.0007,7.91,8.95481970370371,,8.74584,2020-1-22 00:00:00
22,4,23,1,69.0098,7.34,8.99646822222222,,10.93788,2020-1-23 00:00:00
23,4,24,1,69.0226,7.91,9.09287985185185,,8.95428,2020-1-24 00:00:00
24,4,25,1,68.9831,8.42,8.85991866666667,,14.72508,2020-1-25 00:00:00
25,4,26,1,69.0056,8.2,8.98985533333333,,11.64672,2020-1-26 00:00:00
26,5,27,1,69.0152,7.91,8.64630014814815,,11.99268,2020-1-27 00:00:00
27,5,28,1,69.0233,8.08,9.58220896296296,,11.98404,2020-1-28 00:00:00
28,5,29,1,69.0278,8.08,11.9477911851852,,11.77272,2020-1-29 00:00:00
29,5,30,1,69.0367,7.91,11.521732962963,,12.05964,2020-1-30 00:00:00
30,5,31,1,69.0188,8.08,8.59580948148148,,11.72916,2020-1-31 00:00:00
31,5,1,2,68.998,7.19090909090909,7.20074148148148,,10.8792,2020-2-1 00:00:00
32,5,2,2,68.9883,7.91,7.89609481481481,,11.8476,2020-2-2 00:00:00
33,6,3,2,68.9736,7.91,7.34167844444444,,11.95596,2020-2-3 00:00:00
34,6,4,2,68.9406,7.91,6.22583274074074,,11.93436,2020-2-4 00:00:00
35,6,5,2,68.9066,7.91,5.97247133333333,,11.68956,2020-2-5 00:00:00
36,6,6,2,68.8754,7.91,7.16713096296296,,11.68128,2020-2-6 00:00:00
37,6,7,2,68.8488,7.91,7.70879592592592,,11.98872,2020-2-7 00:00:00
38,6,8,2,68.8192,8.08,7.72421644444444,,12.00276,2020-2-8 00:00:00
39,6,9,2,68.7883,8.08,6.47953266666667,,12.04488,2020-2-9 00:00:00
40,7,10,2,68.7532,7.91,7.05144185185185,,11.78316,2020-2-10 00:00:00
41,7,11,2,68.7194,8.08,7.70777,,12.07944,2020-2-11 00:00:00
42,7,12,2,68.6957,7.74,7.05832548148148,,12.05136,2020-2-12 00:00:00
43,7,13,2,68.6692,7.91,6.21507562962963,,11.72952,2020-2-13 00:00:00
44,7,14,2,68.6376,8.08,6.03756777777778,,11.72772,2020-2-14 00:00:00
45,7,15,2,68.6083,8.08,6.73377088888889,,11.72952,2020-2-15 00:00:00
46,7,16,2,68.5883,7.91,5.77596414814815,,8.92584,2020-2-16 00:00:00
47,8,17,2,68.569,7.91,6.8026637037037,,12.2166,2020-2-17 00:00:00
48,8,18,2,68.5568,8.08,10.2902451111111,,11.98548,2020-2-18 00:00:00
49,8,19,2,68.5605,7.17,9.20573881481482,,11.90412,2020-2-19 00:00:00
50,8,20,2,68.5283,8.08,5.77620696296296,,11.9034,2020-2-20 00:00:00
51,8,21,2,68.4835,8.08,5.38478525925926,,11.92572,2020-2-21 00:00:00
52,8,22,2,68.4437,8.08,6.51234,,11.99232,2020-2-22 00:00:00
53,8,23,2,68.4475555555555,7.58888888888889,6.92347135802469,,3.3056,2020-2-23 00:00:00
54,9,24,2,68.4399,8.08,6.25625148148148,,11.898,2020-2-24 00:00:00
55,9,25,2,68.3976,8.42,5.36553785185185,,11.89764,2020-2-25 00:00:00
56,9,26,2,68.3472,8.59,5.08259192592593,,11.89944,2020-2-26 00:00:00
57,9,27,2,68.2999,8.08,5.4883042962963,,11.92248,2020-2-27 00:00:00
58,9,28,2,68.2502,8.08,4.898546,,11.92104,2020-2-28 00:00:00
59,9,29,2,68.1983,7.91,4.72616540740741,,11.94012,2020-2-29 00:00:00
60,10,4,3,68.0464,8.08,5.36958407407407,,12.00564,2020-3-4 00:00:00
61,10,5,3,68.0066,7.91,6.39536637037037,,12.10068,2020-3-5 00:00:00
62,10,6,3,67.9758,7.91,6.08862703703704,,12.09888,2020-3-6 00:00:00
63,10,7,3,67.9446,7.91,5.67531333333333,,12.05244,2020-3-7 00:00:00
64,10,8,3,67.9197,7.91,5.49280955555556,,9.05112,2020-3-8 00:00:00
65,10,9,3,67.8849,7.91,5.17644407407407,,12.0618,2020-3-9 00:00:00
66,11,10,3,67.829,8.08,4.97878059259259,,12.12444,2020-3-10 00:00:00
67,11,11,3,67.7745,8.08,4.81857259259259,,12.24828,2020-3-11 00:00:00
68,11,12,3,67.7302,7.91,4.84218303703704,,12.13488,2020-3-12 00:00:00
69,11,13,3,67.6818,8.08,5.03245807407407,,12.1968,2020-3-13 00:00:00
70,11,14,3,67.6377,8.08,4.7629,,12.13668,2020-3-14 00:00:00
71,11,15,3,67.5861,8.08,3.64010096296296,,12.3246,2020-3-15 00:00:00
72,11,16,3,67.5182,7.91,2.98777296296296,,12.37032,2020-3-16 00:00:00
73,12,17,3,67.4458,7.57,2.98982192592593,,12.36528,2020-3-17 00:00:00
74,12,18,3,67.3829,7.4,3.41447066666667,,11.3886,2020-3-18 00:00:00
75,12,19,3,67.3322,8.08,3.0471797037037,,12.45672,2020-3-19 00:00:00
76,12,20,3,67.2724,7.91,3.5626177037037,,12.36672,2020-3-20 00:00:00
77,12,21,3,67.2216,7.91,4.05821585185185,,12.17016,2020-3-21 00:00:00
78,12,22,3,67.1796,8.08,4.16008155555556,,12.1644,2020-3-22 00:00:00
79,12,23,3,67.122,7.4,3.47580503703704,,11.87856,2020-3-23 00:00:00
80,13,24,3,67.0636,8.42,3.95051659259259,,11.91564,2020-3-24 00:00:00
81,13,25,3,67.0157,8.08,4.38575940740741,,11.78964,2020-3-25 00:00:00
82,13,26,3,66.9668,8.08,4.62287037037037,,11.78496,2020-3-26 00:00:00
83,13,27,3,66.917,8.08,4.92698088888889,,11.65248,2020-3-27 00:00:00
84,13,28,3,66.8706,7.91,4.62904918518519,,8.75772,2020-3-28 00:00:00
85,13,29,3,66.8228,7.91,3.35918133333333,,11.69172,2020-3-29 00:00:00
86,13,30,3,66.7599,7.91,3.09688518518519,,11.70504,2020-3-30 00:00:00
87,14,31,3,66.6948,7.91,2.94553622222222,,11.78496,2020-3-31 00:00:00
88,14,1,4,66.6500909090909,7.19090909090909,2.88535845117845,,7.70138181818182,2020-4-1 00:00:00
89,14,2,4,66.6336,7.74,3.2483042962963,,5.63688,2020-4-2 00:00:00
90,14,3,4,66.6145,7.74,3.3070262962963,,8.45244,2020-4-3 00:00:00
91,14,4,4,66.5591,7.91,2.95280622222222,,11.59308,2020-4-4 00:00:00
92,14,5,4,66.5083,7.74,3.33412451851852,,8.7156,2020-4-5 00:00:00
93,14,6,4,66.4615,7.91,3.19486837037037,,11.75328,2020-4-6 00:00:00
94,15,7,4,66.4024,7.91,3.24951762962963,,11.8152,2020-4-7 00:00:00
95,15,8,4,66.3386,7.91,3.06071096296296,,11.53584,2020-4-8 00:00:00
96,15,9,4,66.2777,8.08,2.96412777777778,,11.92968,2020-4-9 00:00:00
97,15,10,4,66.2133,8.08,3.68212992592593,,11.55888,2020-4-10 00:00:00
98,15,11,4,66.1521,7.91,3.26911296296296,,11.55672,2020-4-11 00:00:00
99,15,12,4,66.1099,7.91,3.64001925925926,,8.71236,2020-4-12 00:00:00
100,15,13,4,66.2631,8.08,42.4081684444444,,11.63772,2020-4-13 00:00:00
101,16,14,4,66.2964,8.08,5.87586696296296,,11.62116,2020-4-14 00:00:00
102,16,15,4,66.2556,8.08,4.89261777777778,,11.59092,2020-4-15 00:00:00
103,16,16,4,66.2071,8.08,4.86010496296296,,11.56464,2020-4-16 00:00:00
104,16,17,4,66.1461,7.57,4.90231496296296,,11.58228,2020-4-17 00:00:00
105,16,18,4,66.0844,8.08,4.46054807407407,,11.6334,2020-4-18 00:00:00
106,16,19,4,66.0443,8.2,3.22853222222222,,11.5938,2020-4-19 00:00:00
107,16,20,4,65.9994,8.2,3.12082074074074,,11.6388,2020-4-20 00:00:00
108,17,21,4,65.9437,8.2,3.02694044444444,,11.6748,2020-4-21 00:00:00
109,17,22,4,65.8883,8.0,2.88278577777778,,11.71404,2020-4-22 00:00:00
110,17,23,4,65.8341,7.97,3.08697711111111,,11.73636,2020-4-23 00:00:00
111,17,24,4,65.941,7.91,40.9181993333333,,11.7864,2020-4-24 00:00:00
112,17,25,4,66.2188,7.91,23.7667853333333,,11.63628,2020-4-25 00:00:00
113,17,26,4,66.2919,7.91,17.2225267407407,,11.61288,2020-4-26 00:00:00
114,17,27,4,66.3546,8.0,15.7876352592593,,8.67564,2020-4-27 00:00:00
115,18,28,4,66.403,8.2,15.1573376296296,,11.52864,2020-4-28 00:00:00
116,18,29,4,66.4127,8.2,5.68144325925926,,12.03336,2020-4-29 00:00:00
117,18,30,4,66.4023,7.8,5.28806874074074,,8.59932,2020-4-30 00:00:00
118,17,3,5,66.402,8.14,5.05166214814815,,11.37816,2020-5-3 00:00:00
119,17,4,5,66.3892,8.08,4.81173207407407,,11.50128,2020-5-4 00:00:00
120,18,5,5,66.3639,7.74,4.75934425925926,,14.21208,2020-5-5 00:00:00
121,18,6,5,66.3238,8.34,3.41736185185185,,14.15448,2020-5-6 00:00:00
122,18,7,5,66.2817,8.25,3.47519277777778,,14.22396,2020-5-7 00:00:00
123,18,8,5,66.2475,8.14,4.175214,,11.38068,2020-5-8 00:00:00
124,18,9,5,66.2103,8.0,4.00924296296296,,8.5878,2020-5-9 00:00:00
125,18,10,5,66.1697,8.08,3.23176748148148,,11.4804,2020-5-10 00:00:00
126,18,11,5,66.1151,8.25,3.33888555555556,,14.4558,2020-5-11 00:00:00
127,19,12,5,66.051,8.25,3.43343940740741,,14.42628,2020-5-12 00:00:00
128,19,13,5,65.9902,8.25,3.42602844444445,,14.57712,2020-5-13 00:00:00
129,19,14,5,65.9334,8.25,3.45951807407407,,14.59656,2020-5-14 00:00:00
130,19,15,5,65.8724,8.31,2.36832151851852,,14.65848,2020-5-15 00:00:00
131,19,16,5,65.8077,7.74,1.82777888888889,,14.57748,2020-5-16 00:00:00
132,19,17,5,65.7578,8.08,2.30463407407407,,14.57676,2020-5-17 00:00:00
133,19,18,5,65.7069,8.08,2.42484807407407,,11.646,2020-5-18 00:00:00
134,20,19,5,65.6537,8.08,3.43520288888889,,8.70948,2020-5-19 00:00:00
135,20,20,5,65.6188,7.91,6.57469155555556,,8.75772,2020-5-20 00:00:00
136,20,21,5,65.5908,8.6,8.55920240740741,,17.37432,2020-5-21 00:00:00
137,20,22,5,65.5209,7.91,4.97711177777778,,9.00108,2020-5-22 00:00:00
138,20,23,5,65.4784,7.74,5.59700081481481,,8.7696,2020-5-23 00:00:00
139,20,24,5,65.4552,7.74,6.22515740740741,,8.79228,2020-5-24 00:00:00
140,20,25,5,65.4174,7.91,5.63911725925926,,12.0906,2020-5-25 00:00:00
141,21,26,5,65.3795,7.91,5.55527622222222,,8.7534,2020-5-26 00:00:00
142,21,27,5,65.3466,7.91,5.99001666666667,,9.1476,2020-5-27 00:00:00
143,21,28,5,65.3172,7.91,6.15948755555556,,8.82216,2020-5-28 00:00:00
144,21,29,5,65.2926,7.74,6.89952222222222,,8.81064,2020-5-29 00:00:00
145,21,30,5,65.2711,7.74,7.02241525925926,,8.5752,2020-5-30 00:00:00
146,21,31,5,65.2428,8.08,7.13325725925926,,11.7774,2020-5-31 00:00:00
147,21,1,6,65.2254545454546,7.70909090909091,9.75719804713805,,7.99625454545455,2020-6-1 00:00:00
148,22,5,6,65.3559090909091,8.3,10.0224507744108,,14.7202662756598,2020-6-5 00:00:00
149,22,6,6,65.3396,7.94,5.72383548148148,,8.82792,2020-6-6 00:00:00
150,22,7,6,65.3116,7.74,5.5160942962963,,8.86788,2020-6-7 00:00:00
151,22,8,6,65.2391818181818,9.19090909090909,6.02138272727273,,30.3641188794993,2020-6-8 00:00:00
152,23,9,6,65.0112,9.24,4.34521714814815,,30.0511125967306,2020-6-9 00:00:00
153,23,10,6,64.8962,8.08,1.59084311111111,,10.91232,2020-6-10 00:00:00
154,23,11,6,64.8066,8.08,1.98499962962963,,10.98216,2020-6-11 00:00:00
155,23,12,6,64.7222,7.91,1.64638592592593,,10.95624,2020-6-12 00:00:00
156,23,13,6,64.6434,7.91,2.44634081481481,,10.97532,2020-6-13 00:00:00
157,23,14,6,64.5877,7.91,3.59719162962963,,8.29188,2020-6-14 00:00:00
158,23,15,6,64.5443,8.08,5.62708022222222,,8.3412,2020-6-15 00:00:00
159,24,16,6,64.5262,7.91,8.47732096296296,,8.36928,2020-6-16 00:00:00
160,24,17,6,64.5126,7.91,5.70526288888889,,8.36928,2020-6-17 00:00:00
161,24,18,6,64.4626,7.73,3.31523733333333,,8.38944,2020-6-18 00:00:00
162,24,19,6,64.3875,8.08,2.95729614814815,,11.19528,2020-6-19 00:00:00
163,24,20,6,64.3211,8.2,4.55309481481481,,8.43048,2020-6-20 00:00:00
164,24,21,6,64.2865,8.08,5.65275614814815,,11.1816,2020-6-21 00:00:00
165,24,22,6,64.2272,8.08,3.876392,,11.18592,2020-6-22 00:00:00
166,25,23,6,64.1743,7.91,4.77594355555556,,8.46252,2020-6-23 00:00:00
167,25,24,6,64.1388,7.94,7.37139214814815,,11.31084,2020-6-24 00:00:00
168,25,25,6,64.0862,8.25,8.02390244444445,,14.1534,2020-6-25 00:00:00
169,25,26,6,64.2368,7.91,25.8336693333333,,11.26332,2020-6-26 00:00:00
170,25,27,6,64.2345,7.91,3.20781859259259,,8.42724,2020-6-27 00:00:00
171,25,28,6,64.1684,8.25,5.40096014814815,,14.13684,2020-6-28 00:00:00
172,25,29,6,64.1715,8.08,6.31647081481482,,11.23812,2020-6-29 00:00:00
173,26,30,6,64.1093,7.91,4.16602074074074,,8.442,2020-6-30 00:00:00
174,26,1,7,64.0695454545454,7.86363636363637,5.13823777777778,,7.6896,2020-7-1 00:00:00
175,26,2,7,64.0382,7.91,6.84411518518519,,8.47332,2020-7-2 00:00:00
176,26,3,7,64.006,8.08,6.87492696296296,,11.3364,2020-7-3 00:00:00
177,26,4,7,63.9716,8.25,9.84188214814815,,14.10228,2020-7-4 00:00:00
178,26,5,7,63.9208,7.74,10.17896,,16.42248,2020-7-5 00:00:00
179,26,6,7,63.847,8.42,8.72995185185185,,17.13456,2020-7-6 00:00:00
180,27,7,7,63.7839,8.76,14.9954228148148,,22.86252,2020-7-7 00:00:00
181,27,8,7,63.7597,8.59,16.7640311111111,,19.42632,2020-7-8 00:00:00
182,27,9,7,63.6878,8.42,4.00493214814815,,17.28468,2020-7-9 00:00:00
183,27,10,7,63.5442,8.42,4.55706133333333,,17.37864,2020-7-10 00:00:00
184,27,11,7,63.3958,8.6,5.23447985185185,,20.313,2020-7-11 00:00:00
185,27,12,7,63.2917,8.31,9.15361933333333,,14.74164,2020-7-12 00:00:00
186,27,13,7,63.2474,8.42,14.3918202962963,,20.71512,2020-7-13 00:00:00
187,28,14,7,63.1683,8.42,9.98937874074074,,20.13624,2020-7-14 00:00:00
188,28,15,7,63.0488,8.42,4.88368422222222,,20.47788,2020-7-15 00:00:00
189,28,16,7,62.9296,8.25,11.4038603333333,,18.43632,2020-7-16 00:00:00
190,28,17,7,62.8133,8.59,6.57017055555556,,20.9214,2020-7-17 00:00:00
191,28,18,7,62.6834,8.42,9.83413933333334,,18.64188,2020-7-18 00:00:00
192,28,19,7,62.5465,8.76,8.35313237037037,,24.41376,2020-7-19 00:00:00
193,28,20,7,62.4199,8.59,8.34608214814815,,20.72844,2020-7-20 00:00:00
194,29,21,7,62.2975,8.59,7.419684,,21.01536,2020-7-21 00:00:00
195,29,22,7,62.1344,8.42,2.56804496296296,,21.55536,2020-7-22 00:00:00
196,29,23,7,61.9672,8.42,7.13706037037037,,21.65472,2020-7-23 00:00:00
197,29,24,7,61.8979,8.42,17.430896962963,,18.88488,2020-7-24 00:00:00
198,29,25,7,61.8459,8.42,7.4572162962963,,18.33336,2020-7-25 00:00:00
199,29,26,7,61.6852,8.42,2.56212333333333,,21.70368,2020-7-26 00:00:00
200,29,27,7,61.5071,8.42,3.5292992962963,,22.17456,2020-7-27 00:00:00
201,30,28,7,61.3714,8.42,13.627204,,18.3078,2020-7-28 00:00:00
202,30,29,7,61.448,8.42,28.2569992222222,,21.47688,2020-7-29 00:00:00
203,30,30,7,61.3623,8.42,3.3758982962963,,20.69532,2020-7-30 00:00:00
204,30,31,7,61.1779,8.42,3.820328,,21.45852,2020-7-31 00:00:00
205,31,4,8,60.7693,8.59,3.65416444444444,,20.35908,2020-8-4 00:00:00
206,31,5,8,60.6099,8.59,3.81871318518519,,20.65032,2020-8-5 00:00:00
207,31,6,8,60.4456,8.59,4.33328162962963,,21.14928,2020-8-6 00:00:00
208,31,7,8,60.2951,8.25,4.74372751851852,,18.62892,2020-8-7 00:00:00
209,31,8,8,60.1499,8.42,6.57284966666667,,20.8152,2020-8-8 00:00:00
210,31,9,8,60.0022,8.59,6.61551622222222,,21.20004,2020-8-9 00:00:00
211,31,10,8,59.8938,8.59,12.7068150740741,,20.22984,2020-8-10 00:00:00
212,32,11,8,59.7614,8.42,3.66626533333333,,17.9028,2020-8-11 00:00:00
213,32,12,8,59.5825,8.59,6.56599448148148,,20.95056,2020-8-12 00:00:00
214,32,13,8,59.4621,8.42,12.288964037037,,20.26548,2020-8-13 00:00:00
215,32,14,8,59.3362,8.59,7.41159196296296,,20.98044,2020-8-14 00:00:00
216,32,15,8,59.1894,8.42,7.45651537037037,,17.47512,2020-8-15 00:00:00
217,32,16,8,59.0523,8.08,8.01888814814815,,20.65824,2020-8-16 00:00:00
218,32,17,8,58.9182,8.42,10.3430746296296,,17.91612,2020-8-17 00:00:00
219,33,18,8,58.9392,8.42,29.5552203333333,,17.96256,2020-8-18 00:00:00
220,33,19,8,58.9541,8.59,14.6015722222222,,20.2914,2020-8-19 00:00:00
221,33,20,8,58.9015,8.59,14.904256,,21.123,2020-8-20 00:00:00
222,33,21,8,58.8071,8.42,11.2355365185185,,17.41824,2020-8-21 00:00:00
223,33,22,8,58.6620909090909,9.1,18.8304647474747,,29.1223636363636,2020-8-22 00:00:00
224,33,23,8,58.5968,9.1,18.2083661111111,,29.29788,2020-8-23 00:00:00
225,33,24,8,58.3512,9.1,7.65813222222222,,29.83716,2020-8-24 00:00:00
226,34,25,8,58.0841,9.1,8.52801425925926,,29.77488,2020-8-25 00:00:00
227,34,26,8,57.8222,9.1,8.45118592592593,,29.40876,2020-8-26 00:00:00
228,34,27,8,57.5667,9.1,9.46939259259259,,29.2698,2020-8-27 00:00:00
229,34,28,8,57.3179,9.1,8.87702111111111,,29.51316,2020-8-28 00:00:00
230,34,29,8,57.0514,9.1,7.04057462962963,,29.38032,2020-8-29 00:00:00
231,34,30,8,56.7592,9.1,4.48900592592593,,28.91808,2020-8-30 00:00:00
232,34,31,8,56.4391,9.1,3.09365833333333,,29.4192,2020-8-31 00:00:00
233,34,1,9,56.1266153846154,9.1,3.5705254985755,,26.7385846153846,2020-9-1 00:00:00
234,34,2,9,55.8416666666667,8.81666666666666,5.75080774691358,,23.8803,2020-9-2 00:00:00
235,34,3,9,55.6070833333333,9.1,8.67888333333333,,28.9293,2020-9-3 00:00:00
236,34,4,9,55.4216666666667,8.39166666666667,4.17802151234568,,19.5069,2020-9-4 00:00:00
237,34,5,9,55.3,7.96666666666667,2.91883074074074,,9.7491,2020-9-5 00:00:00
238,34,6,9,55.22625,7.96666666666667,3.49704768518519,,9.7311,2020-9-6 00:00:00
239,34,7,9,55.1386666666667,8.39166666666667,4.03744188271605,,17.1492,2020-9-7 00:00:00
240,35,8,9,54.96225,8.39166666666667,3.62271577160548,,17.3571,2020-9-8 00:00:00
241,35,9,9,54.7205833333333,9.1,12.8235527777773,,29.6862,2020-9-9 00:00:00
242,35,10,9,54.505,9.1,13.4624907407415,,29.34,2020-9-10 00:00:00
243,35,11,9,54.2469166666667,9.1,12.8263308641972,,30.1788,2020-9-11 00:00:00
244,35,12,9,54.0811666666667,8.39166666666667,9.9913337037035,,20.0859,2020-9-12 00:00:00
245,35,13,9,54.0189166666667,8.25,10.331513117284,,17.9274,2020-9-13 00:00:00
246,35,14,9,53.9486666666667,8.39166666666667,9.7746447222232,,17.0523,2020-9-14 00:00:00
247,36,15,9,53.808,8.675,5.5609276543174,,22.4166,2020-9-15 00:00:00
248,36,16,9,53.4825,9.1,4.92852194443661,,30.2433,2020-9-16 00:00:00
249,36,17,9,53.0904166666667,9.1,4.67978919755279,,30.2313,2020-9-17 00:00:00
250,36,18,9,57.3800476190476,9.1,557.578874074073,,25.1208,2020-9-18 00:00:00
251,36,19,9,59.4988571428571,9.1,49.7688988536155,,30.6817714285714,2020-9-19 00:00:00
252,36,20,9,59.4915833333333,10.3833333333333,32.8455147839506,,53.2228690402477,2020-9-20 00:00:00
253,36,21,9,59.1188333333333,10.5,22.0359356481481,,57.7956,2020-9-21 00:00:00
254,37,22,9,58.6591666666667,10.5,20.0262640432099,,58.5717,2020-9-22 00:00:00
255,37,23,9,58.1726666666667,10.5,20.6061524691358,,59.7141,2020-9-23 00:00:00
256,37,24,9,57.6675,10.5,20.5927979938272,,60.9597,2020-9-24 00:00:00
257,37,25,9,57.1185,10.5,12.428938117284,,61.2603,2020-9-25 00:00:00
258,37,26,9,56.5479166666667,10.5,17.2784972222222,,61.1544,2020-9-26 00:00:00
259,37,27,9,55.9385833333333,10.5,9.93379830246914,,62.7831,2020-9-27 00:00:00
260,37,28,9,55.3455,9.91666666666666,9.88387083333333,,46.1802,2020-9-28 00:00:00
261,38,29,9,55.0485,9.1,12.2731504629631,,30.8805,2020-9-29 00:00:00
262,38,30,9,54.8145833333333,9.1,14.1365566358029,,30.1659,2020-9-30 00:00:00
263,39,1,10,54.5913076923077,8.4,16.2239868945872,,28.3173230769231,2020-10-1 00:00:00
264,39,2,10,54.38525,9.1,17.5572493827164,,31.2657,2020-10-2 00:00:00
265,39,3,10,54.2091666666667,9.1,21.6482748456789,,30.3462,2020-10-3 00:00:00
266,39,4,10,54.0344166666667,9.1,15.83090601852,,31.5132,2020-10-4 00:00:00
267,39,5,10,53.8039166666667,9.1,16.2196729938241,,30.9042,2020-10-5 00:00:00
268,40,6,10,53.61825,9.1,30.0995221604994,,31.3272,2020-10-6 00:00:00
269,40,7,10,60.2998405797102,9.91014492753622,1606.71706684917,,44.2186493927125,2020-10-7 00:00:00
270,40,8,10,69.1267634408602,10.3301075268817,582.791561290322,,59.2947870967742,2020-10-8 00:00:00
271,40,9,10,72.3178645833333,10.1697916666667,823.517295740741,,59.3805592105263,2020-10-9 00:00:00
272,40,10,10,82.5898958333333,17.30625,2264.91001502525,996.15622632576,1057.51755132576,2020-10-10 00:00:00
273,40,11,10,82.3878125,21.5666666666666,1710.6408535985,1727.6883285985,1793.3596035985,2020-10-11 00:00:00
274,40,12,10,83.0462395833333,17.8520833333333,1045.59745467172,879.792758838383,940.820371338383,2020-10-12 00:00:00
275,41,13,10,84.006875,17.1208333333333,875.981112121214,773.101420454547,831.864445454547,2020-10-13 00:00:00
276,41,14,10,83.3084375,16.3385416666666,508.961696906563,630.169973169189,692.274323169189,2020-10-14 00:00:00
277,41,15,10,82.05509375,16.2083333333333,365.195853914138,553.734488636361,617.271826136361,2020-10-15 00:00:00
278,41,16,10,81.3558333333334,17.23125,937.056239078282,745.426390467171,808.382627967171,2020-10-16 00:00:00
279,41,17,10,82.6071875,19.953125,1561.80048598484,1324.21755681817,1385.33381931817,2020-10-17 00:00:00
280,41,18,10,83.0015625,16.0895833333333,641.066812941919,546.885512941919,607.979312941919,2020-10-18 00:00:00
281,41,19,10,82.8486041666666,16.846875,433.19457493687,536.858934659092,599.551172159092,2020-10-19 00:00:00
282,42,20,10,81.8442395833333,15.9333333333333,391.11366925505,486.074303977273,549.198391477272,2020-10-20 00:00:00
283,42,21,10,81.7624791666667,14.90625,466.551364898991,340.921212121213,401.295462121213,2020-10-21 00:00:00
284,42,22,10,81.9119583333333,12.796875,250.912209343435,181.839580176769,243.191792676769,2020-10-22 00:00:00
285,42,23,10,81.7762916666667,12.6354166666667,209.337842550506,188.077414772728,249.961939772728,2020-10-23 00:00:00
286,42,24,10,81.3113333333333,13.3528333333334,180.764299053031,240.765364583334,302.741164583334,2020-10-24 00:00:00
287,42,25,10,80.68553125,13.553125,203.047558841963,257.044365091963,320.508183841963,2020-10-25 00:00:00
288,42,26,10,79.9061666666667,14.0,192.330659873823,286.067095984934,350.297395984934,2020-10-26 00:00:00
289,43,27,10,78.59734375,14.4375,155.137982755573,369.553441088906,433.243816088906,2020-10-27 00:00:00
290,43,28,10,79.2009895833334,14.7135416666667,1038.43714878759,404.868715454252,461.375065454252,2020-10-28 00:00:00
291,43,29,10,81.7842916666667,11.8802083333333,432.915437752526,161.626136363637,222.442173863637,2020-10-29 00:00:00
292,43,30,10,82.4153020833333,11.9270833333333,284.155051565658,215.102982954546,274.596440454546,2020-10-30 00:00:00
293,43,31,10,82.2616666666667,14.0,298.727426262626,305.891991341991,365.112505627706,2020-10-31 00:00:00
294,44,4,11,79.8663437500001,10.8,109.088687938596,46.9368421052628,108.614104605263,2020-11-4 00:00:00
295,44,5,11,79.8580312500001,10.8,106.578227923976,46.8997807017541,108.634755701754,2020-11-5 00:00:00
296,44,6,11,80.3210416666667,7.959375,405.83503468825,103.776551354916,165.831701354916,2020-11-6 00:00:00
297,44,7,11,81.3030520833333,13.5802083333333,358.303411679293,310.523650568181,371.906050568181,2020-11-7 00:00:00
298,44,8,11,80.6729583333333,15.0,254.455738486285,360.819624597396,422.834349597396,2020-11-8 00:00:00
299,44,9,11,79.8691041666667,14.7875,290.528232368648,346.063462924203,407.715037924203,2020-11-9 00:00:00
300,45,10,11,79.58734375,15.0,643.603283406886,444.450376462442,506.196338962442,2020-11-10 00:00:00
301,45,11,11,83.160625,19.771875,2222.72695406099,1387.98005406099,1445.17070406099,2020-11-11 00:00:00
302,45,12,11,84.5773125,18.08125,908.712002588371,888.24211647726,945.47589147726,2020-11-12 00:00:00
303,45,13,11,83.6115,17.5,559.181111174242,801.130752840909,851.454027840909,2020-11-13 00:00:00
304,45,14,11,81.8019895833333,17.5125,481.615923358584,772.341780303028,830.872867803028,2020-11-14 00:00:00
305,45,15,11,80.7456666666667,12.5979166666667,338.083905290834,253.010763624167,302.239113624167,2020-11-15 00:00:00
306,45,16,11,81.2426041666667,10.2,166.900606944444,,60.0096,2020-11-16 00:00:00
307,46,17,11,81.769,10.2,121.251036111111,,60.4068,2020-11-17 00:00:00
308,46,18,11,82.033125,10.2,97.9728333333333,,59.37075,2020-11-18 00:00:00
309,46,19,11,82.1898333333333,10.2,84.2397320987654,,58.8318,2020-11-19 00:00:00
310,46,20,11,82.28,10.2,65.4984194444445,,58.6971,2020-11-20 00:00:00
311,46,21,11,82.2996666666667,10.2,58.9409925925926,,58.6959,2020-11-21 00:00:00
312,46,22,11,82.2716666666667,10.2,49.7514472222222,,58.7586,2020-11-22 00:00:00
313,46,23,11,82.21275,10.2,43.2497472222222,,58.8744,2020-11-23 00:00:00
314,47,24,11,82.1495833333333,10.2,49.1778694444444,,58.9203,2020-11-24 00:00:00
315,47,25,11,82.0534166666667,10.2,42.2159111111111,,59.1273,2020-11-25 00:00:00
316,47,26,11,81.9840833333333,10.2,59.0949805555555,,59.2788,2020-11-26 00:00:00
317,47,27,11,81.930052631579,11.3157894736842,90.7899709197241,91.844497607656,151.628560765551,2020-11-27 00:00:00
318,47,28,11,81.753125,11.5833333333333,175.629752777778,102.445833333334,162.210933333334,2020-11-28 00:00:00
319,47,29,11,82.1839583333333,10.4,182.291969444444,,59.6844,2020-11-29 00:00:00
320,47,30,11,82.86875,10.4,206.334702777778,,58.36005,2020-11-30 00:00:00
321,47,1,12,84.3287826086957,12.3217391304348,550.465371014494,220.382065217392,277.613378260871,2020-12-1 00:00:00
322,47,2,12,84.9265625,14.66875,519.042480176767,444.030587121212,504.336924621211,2020-12-2 00:00:00
323,47,3,12,84.9371770833332,13.7375,298.712605871214,239.04491003788,298.161147537881,2020-12-3 00:00:00
324,47,4,12,84.923,13.6,292.432542116822,237.048583662716,294.798218445325,2020-12-4 00:00:00
325,47,5,12,84.9372916666666,13.35,295.246173737375,237.212026515154,294.327076515153,2020-12-5 00:00:00
326,47,6,12,84.9415833333334,11.8708333333333,218.900471717174,160.647727272729,217.062277272729,2020-12-6 00:00:00
327,47,7,12,84.9549166666667,13.1208333333333,166.001496717173,106.467518939396,161.957468939396,2020-12-7 00:00:00
328,48,8,12,84.9853333333333,11.6833333333333,116.919049999999,59.9666666666656,114.713216666666,2020-12-8 00:00:00
329,48,9,12,84.988,11.6833333333333,114.158622222221,59.974999999999,114.893899999999,2020-12-9 00:00:00
330,48,10,12,84.9715,11.6833333333333,110.134584090908,59.9409090909081,115.097709090908,2020-12-10 00:00:00
331,48,11,12,84.951625,10.7,72.3016654040402,14.9734848484846,69.1767348484846,2020-12-11 00:00:00
332,48,12,12,84.9728333333334,10.4,54.7540055555556,,53.28345,2020-12-12 00:00:00
333,48,13,12,84.96125,10.4,48.4821055555555,,53.62905,2020-12-13 00:00:00
334,48,14,12,84.9292916666667,10.4,47.6599777777778,,53.5422,2020-12-14 00:00:00
335,49,15,12,84.9012,10.4,45.9483481481482,,53.4972,2020-12-15 00:00:00
336,49,16,12,84.9575294117647,10.6823529411765,131.030626203209,61.1866131907316,115.869766131908,2020-12-16 00:00:00
337,49,17,12,84.9974583333333,11.1166666666667,121.594611448355,57.7205318187253,113.229981818725,2020-12-17 00:00:00
338,49,18,12,85.0460833333333,10.7916666666667,90.4071021516584,26.0438375555911,80.6072375555911,2020-12-18 00:00:00
339,49,19,12,85.0951666666667,10.95,115.695929722097,52.5815093517267,107.598059351727,2020-12-19 00:00:00
340,49,20,12,85.1242083333333,10.625,160.701128567413,108.016737255532,163.701837255532,2020-12-20 00:00:00
341,49,21,12,85.13875,11.175,169.169320875831,106.376715320275,162.776265320275,2020-12-21 00:00:00
342,50,22,12,85.132875,11.0,144.203805829251,93.9661613848062,150.596861384806,2020-12-22 00:00:00
343,50,23,12,85.1174583333333,11.0416666666667,107.088806184232,59.2018914620097,111.272283353902,2020-12-23 00:00:00
344,50,24,12,85.1106666666667,11.0416666666667,95.7225860240083,39.6294749128972,94.4439749128972,2020-12-24 00:00:00
345,50,25,12,85.0807083333333,11.0416666666667,84.3943520727336,41.0968020727335,95.9018520727336,2020-12-25 00:00:00
346,50,26,12,85.0462083333333,10.675,59.4654030372644,8.01152525948665,62.0226252594867,2020-12-26 00:00:00
347,50,27,12,85.04,10.4,53.7003,,53.7003,2020-12-27 00:00:00
348,50,28,12,85.0314166666667,10.4,47.4893981481482,,53.45625,2020-12-28 00:00:00
349,51,29,12,84.9868333333333,10.4,44.1328777777778,,53.3076,2020-12-29 00:00:00
350,51,30,12,84.9804583333333,10.475,87.4050456179112,7.51896674210396,61.147566742104,2020-12-30 00:00:00
351,51,31,12,85.1339166666667,10.4,115.055567042502,,107.383900375835,2020-12-31 00:00:00
352,51,1,1,84.3287826086957,12.3217391304348,550.465371014494,220.382065217392,277.613378260871,2020-1-1 00:00:00
0,1,1,1,85.14552,10.4,85.9669987435669,32.0553620850332,84.2353460850332,2021-1-1 00:00:00
1,1,2,1,85.1461666666667,10.4,62.9970320432332,10.544646858048,64.701846858048,2021-1-2 00:00:00
2,1,3,1,85.1432916666667,10.4,55.6894848103474,6.02642572348845,56.6557757234885,2021-1-3 00:00:00
3,1,4,1,85.1225,10.4,48.3148537037037,,53.6424,2021-1-4 00:00:00
4,1,5,1,85.0859166666667,10.4,41.2854925925926,,53.6454,2021-1-5 00:00:00
5,2,6,1,85.028625,10.4,40.0394787037037,,53.7939,2021-1-6 00:00:00
6,2,7,1,84.9568333333333,10.4,40.5758537037037,,53.9334,2021-1-7 00:00:00
7,2,8,1,84.9109090909091,10.4,54.0608727272727,,54.0608727272727,2021-1-8 00:00:00
8,2,9,1,84.9141818181818,10.4,50.4113282828283,,54.3550909090909,2021-1-9 00:00:00
9,2,10,1,84.8825,10.4,46.1099533333333,,54.49212,2021-1-10 00:00:00
10,2,11,1,84.8438,10.4,49.7191188888889,,54.64548,2021-1-11 00:00:00
11,2,12,1,84.837,10.4,54.76572,,54.76572,2021-1-12 00:00:00
12,3,13,1,84.8156,10.4,47.2731744444445,,54.69948,2021-1-13 00:00:00
13,3,14,1,84.7629,10.4,42.1944455555556,,54.62064,2021-1-14 00:00:00
14,3,15,1,84.6822,10.4,37.6955711111111,,54.60696,2021-1-15 00:00:00
15,3,16,1,84.5883,10.4,36.8551733333333,,54.50184,2021-1-16 00:00:00
16,3,17,1,84.4838,10.4,38.3627211111111,,54.61236,2021-1-17 00:00:00
17,3,18,1,84.5455,10.4,82.65462,,54.86112,2021-1-18 00:00:00
18,3,19,1,84.561,10.4,46.5233211111111,,54.83196,2021-1-19 00:00:00
19,4,20,1,84.4842,10.4,38.5063611111111,,54.756,2021-1-20 00:00:00
20,4,21,1,84.3879,10.4,36.5510788888889,,54.71244,2021-1-21 00:00:00
21,4,22,1,84.2809,10.4,33.4451844444445,,54.76824,2021-1-22 00:00:00
22,4,23,1,84.1523,10.4,30.5503377777778,,54.96156,2021-1-23 00:00:00
23,4,24,1,84.0085,10.4,26.0278877777778,,55.07136,2021-1-24 00:00:00
24,4,25,1,83.85325,10.4,28.4356811111111,,55.27332,2021-1-25 00:00:00
25,4,26,1,83.7184,10.1,25.6424975555556,,49.9755014825201,2021-1-26 00:00:00
26,5,27,1,83.604,10.1,22.672128,,50.234898682723,2021-1-27 00:00:00
27,5,28,1,83.5012,10.1,26.0740422222222,,50.41984,2021-1-28 00:00:00
28,5,29,1,83.4023,10.1,19.2552448888889,,50.4588776470588,2021-1-29 00:00:00
29,5,30,1,83.2863,10.1,21.2479231111111,,50.4280855384615,2021-1-30 00:00:00
30,5,31,1,83.1922,9.8,21.8890706666667,,44.7139217388846,2021-1-31 00:00:00
31,5,1,2,83.0878181818182,9.18181818181818,17.761182020202,,45.5093621029422,2021-2-1 00:00:00
32,5,2,2,82.9266,9.5,15.779542,,49.9640563797536,2021-2-2 00:00:00
33,6,3,2,82.7686,10.1,16.1568684444444,,50.1527634450291,2021-2-3 00:00:00
34,6,4,2,82.6061,10.1,15.1205842222222,,50.1607872816513,2021-2-4 00:00:00
35,6,5,2,82.4408,10.1,16.5200653333333,,50.7824566113373,2021-2-5 00:00:00
36,6,6,2,82.2905,9.8,10.9252606666667,,40.711205946068,2021-2-6 00:00:00
37,6,7,2,82.1406,9.8,10.5629993333333,,45.5774474777448,2021-2-7 00:00:00
38,6,8,2,82.0309,9.8,19.2019466666667,,45.732672,2021-2-8 00:00:00
39,6,9,2,81.9354,9.8,18.252962,,46.0198679264901,2021-2-9 00:00:00
40,7,10,2,81.8518,9.5,20.8747666666667,,40.3988703917993,2021-2-10 00:00:00
41,7,11,2,81.7678,9.36,12.987838,,41.12,2021-2-11 00:00:00
42,7,12,2,81.6369,10.4,9.87762977777778,,53.1204621653956,2021-2-12 00:00:00
43,7,13,2,81.5002,10.4,11.2907371111111,,45.9986142577132,2021-2-13 00:00:00
44,7,14,2,81.3745,9.8,9.86369822222222,,41.0623601639554,2021-2-14 00:00:00
45,7,15,2,81.2629,9.5,15.4124588888889,,41.07,2021-2-15 00:00:00
46,7,16,2,81.1569,9.5,8.13873288888889,,45.32,2021-2-16 00:00:00
47,8,17,2,80.9809,10.1,5.80868977777778,,46.21,2021-2-17 00:00:00
48,8,18,2,80.8842,8.9,11.3309255555556,,20.514495483871,2021-2-18 00:00:00
49,8,19,2,80.8052,9.8,12.1371155555556,,52.4480338734739,2021-2-19 00:00:00
50,8,20,2,80.6183,9.8,4.21150688888889,,52.555068,2021-2-20 00:00:00
51,8,21,2,80.5281,8.9,14.1121142222222,,53.12,2021-2-21 00:00:00
52,8,22,2,80.3708,10.1,4.79818844444444,,53.4926671304348,2021-2-22 00:00:00
53,8,23,2,80.1521,10.4,3.15238888888889,,54.2039717647059,2021-2-23 00:00:00
54,9,24,2,79.9168,9.5,4.85791444444445,,54.0975098962864,2021-2-24 00:00:00
55,9,25,2,79.6848,9.2,8.260328,,54.0620192713568,2021-2-25 00:00:00
56,9,26,2,79.4683,9.8,11.122418,,54.510417470201,2021-2-26 00:00:00
57,9,27,2,79.3711,8.3,8.37310266666666,,18.0793284758364,2021-2-27 00:00:00
58,9,28,2,79.2811,9.41,11.5977142222222,,32.1353327472527,2021-2-28 00:00:00
59,9,1,3,79.2409090909091,7.81818181818182,8.70051797979798,,29.68,2021-3-1 00:00:00
60,9,2,3,79.1497,9.04,9.27148288888889,,29.674295152488,2021-3-2 00:00:00
61,10,3,3,78.9668,9.46,8.507362,,52.8862582880325,2021-3-3 00:00:00
62,10,4,3,78.7352,9.7,7.420752,,54.3179100321445,2021-3-4 00:00:00
63,10,5,3,78.487,10.1,6.085194,,55.0364904,2021-3-5 00:00:00
64,10,6,3,78.3338,10.4,9.05614111111111,,29.9018573635806,2021-3-6 00:00:00
65,10,7,3,78.2087,10.1,15.3893435555556,,52.3985277828054,2021-3-7 00:00:00
66,10,8,3,78.0218,9.5,3.12017222222222,,49.5040458807212,2021-3-8 00:00:00
67,10,9,3,77.7881,9.8,4.38001977777778,,49.1739741176471,2021-3-9 00:00:00
68,11,10,3,77.5527,10.1,3.66364355555555,,54.4905829301868,2021-3-10 00:00:00
69,11,11,3,77.3231,10.1,6.38157222222222,,54.816245237484,2021-3-11 00:00:00
70,11,12,3,77.1162,10.1,3.553,,53.82096,2021-3-12 00:00:00
71,11,13,3,76.8926,10.1,2.92463777777778,,51.2460514285714,2021-3-13 00:00:00
72,11,14,3,76.6591,10.1,3.40288,,53.4873502574258,2021-3-14 00:00:00
73,11,15,3,76.4183,10.1,3.46014666666667,,53.3541018795181,2021-3-15 00:00:00
74,11,16,3,76.2312,9.45,4.25738088888889,,41.2641016245325,2021-3-16 00:00:00
75,12,17,3,76.0677,9.15,5.10672333333334,,35.7839308271546,2021-3-17 00:00:00
76,12,18,3,75.9419,8.76,4.66335133333333,,26.72676,2021-3-18 00:00:00
77,12,19,3,75.8228,9.23,5.09080533333333,,30.4671701408451,2021-3-19 00:00:00
78,12,20,3,75.6907,9.32,5.01173711111111,,35.5206651428571,2021-3-20 00:00:00
79,12,21,3,75.5294,8.59,4.199176,,33.0952280457207,2021-3-21 00:00:00
80,12,22,3,75.4334,8.93,14.3480271111111,,36.3313673894057,2021-3-22 00:00:00
81,12,23,3,75.3217272727273,10.2818181818182,16.537303030303,,51.1021353334077,2021-3-23 00:00:00
82,13,24,3,75.1139,10.1,4.32456333333334,,52.7868372941177,2021-3-24 00:00:00
83,13,25,3,74.8255,10.14,2.96345822222222,,54.4528654980947,2021-3-25 00:00:00
84,13,26,3,74.5350909090909,10.1636363636364,3.07302774410774,,52.1944730688066,2021-3-26 00:00:00
85,13,27,3,74.2798,9.67,6.35629918518518,,49.0094189312977,2021-3-27 00:00:00
86,13,28,3,74.0956,9.11,8.08376533333333,,29.1343904485264,2021-3-28 00:00:00
87,13,29,3,73.9484,9.41,5.33555222222222,,43.1550734601143,2021-3-29 00:00:00
88,13,30,3,73.6792,9.97,3.96424451851852,,50.2999920565149,2021-3-30 00:00:00
89,14,31,3,73.4016363636364,9.73636363636364,4.11207151515152,,48.6506556378305,2021-3-31 00:00:00
90,14,1,4,73.1400833333334,8.85,3.35076651234568,,49.5835225043525,2021-4-1 00:00:00
91,14,2,4,72.7823,10.1,5.98235288888889,,57.2249155263158,2021-4-2 00:00:00
92,14,3,4,72.4643,10.1,7.14786933333333,,50.4768945230769,2021-4-3 00:00:00
93,14,4,4,72.2581,9.45,4.8602702962963,,33.6899584976526,2021-4-4 00:00:00
94,14,5,4,72.0384,9.8,2.03267592592593,,40.8258695481218,2021-4-5 00:00:00
95,14,6,4,71.7836,16.1,2.28365940740741,,53.6215,2021-4-6 00:00:00
96,15,7,4,71.5051,10.1,1.65098629629629,,54.4863857142857,2021-4-7 00:00:00
97,15,8,4,71.2723,8.9,1.91676266666667,,24.2322352941176,2021-4-8 00:00:00
98,15,9,4,71.2871,7.4,5.97259259259259,,26.12,2021-4-9 00:00:00
99,15,10,4,71.3458,7.4,9.71903703703704,,24.24,2021-4-10 00:00:00
100,15,11,4,71.4107,7.4,8.09014814814815,,25.0,2021-4-11 00:00:00
101,15,12,4,71.4721,7.4,8.95888888888889,,24.12,2021-4-12 00:00:00
102,15,13,4,71.5297,7.4,6.18977777777778,,25.21,2021-4-13 00:00:00
103,16,14,4,71.5636,7.4,4.94096296296296,,24.65,2021-4-14 00:00:00
104,16,15,4,71.5824,8.6,8.61828340740741,,24.3190892307692,2021-4-15 00:00:00
105,16,16,4,71.3693,9.5,5.21627477777778,,42.2515762012987,2021-4-16 00:00:00
106,16,17,4,71.1157,9.8,3.08578674074074,,48.3508867080745,2021-4-17 00:00:00
107,16,18,4,70.8931,9.2,3.09814733333333,,36.7797092307692,2021-4-18 00:00:00
108,16,19,4,70.6862,9.2,2.70624937037037,,42.8641929375951,2021-4-19 00:00:00
109,16,20,4,70.4197,9.8,2.05694711111111,,48.6952040322581,2021-4-20 00:00:00
110,17,21,4,70.1463,9.5,1.65243518518519,,48.1158234782609,2021-4-21 00:00:00
111,17,22,4,69.7722,10.1,2.73454977777778,,61.0408276363636,2021-4-22 00:00:00
112,17,23,4,69.3705,10.1,7.33283511111111,,55.357992,2021-4-23 00:00:00
113,17,24,4,69.058,10.1,7.23908488888889,,48.7373092682927,2021-4-24 00:00:00
114,17,25,4,68.781,9.22727272727273,4.24161124579125,,38.3599177033493,2021-4-25 00:00:00
115,17,26,4,68.7236,7.91,7.43191903703704,,12.15936,2021-4-26 00:00:00
116,17,27,4,68.6385,8.76,6.38006903703704,,27.47808,2021-4-27 00:00:00
117,18,28,4,68.4875,9.02,3.30163933333333,,27.88776,2021-4-28 00:00:00
118,18,29,4,68.3539,8.76,11.0864643703704,,28.16712,2021-4-29 00:00:00
119,18,30,4,68.3713,8.42,21.7838583703704,,18.77688,2021-4-30 00:00:00
120,17,1,5,68.3290909090909,8.63636363636363,2.83625824915825,,19.8468,2021-5-1 00:00:00
121,17,2,5,68.1913,8.59,5.98350948148148,,25.09128,2021-5-2 00:00:00
122,17,3,5,68.1378,8.42,9.76728577777778,,19.06884,2021-5-3 00:00:00
123,17,4,5,68.048,8.59,3.91105214814815,,22.45608,2021-5-4 00:00:00
124,18,5,5,67.915,8.42,2.64313844444444,,22.25016,2021-5-5 00:00:00
125,18,6,5,67.8004,8.42,8.56547111111111,,21.97548,2021-5-6 00:00:00
126,18,7,5,67.6965,8.42,5.38100688888889,,25.21692,2021-5-7 00:00:00
127,18,8,5,67.5855,8.42,4.56991281481481,,22.07628,2021-5-8 00:00:00
128,18,9,5,67.481,8.42,3.24260140740741,,19.37376,2021-5-9 00:00:00
129,18,10,5,67.3864,8.42,6.43342955555555,,18.9828,2021-5-10 00:00:00
130,18,11,5,67.323,8.42,11.845751037037,,18.68652,2021-5-11 00:00:00
131,19,12,5,67.2647,8.42,8.77331266666667,,22.3542,2021-5-12 00:00:00
132,19,13,5,67.2092,8.25,5.70543051851852,,21.4612690909091,2021-5-13 00:00:00
133,19,14,5,67.1193,8.42,5.04770503703704,,18.69408,2021-5-14 00:00:00
134,19,15,5,67.0561,8.25,8.06868066666667,,15.36768,2021-5-15 00:00:00
135,19,16,5,67.0117,8.25,5.88628688888889,,15.26292,2021-5-16 00:00:00
136,19,17,5,66.9321818181818,8.83636363636364,3.705857003367,,33.1000403248099,2021-5-17 00:00:00
137,19,18,5,66.7652727272727,8.99090909090909,7.01464084175084,,36.5992399641192,2021-5-18 00:00:00
138,20,19,5,66.6113,8.59,2.92880451851852,,23.8071470852018,2021-5-19 00:00:00
139,20,20,5,66.5161,8.08,3.28928874074074,,24.0795981818182,2021-5-20 00:00:00
140,20,21,5,66.3487,8.42,4.58572888888889,,25.15948,2021-5-21 00:00:00
141,20,22,5,66.2455,8.60833333333333,9.12668462962963,,28.6232301896085,2021-5-22 00:00:00
142,20,23,5,66.1782,8.25,3.121838,,15.67908,2021-5-23 00:00:00
143,20,24,5,66.0998,8.42,2.84478711111111,,18.70344,2021-5-24 00:00:00
144,20,25,5,66.03,8.53333333333333,3.03225679012346,,20.784,2021-5-25 00:00:00
