,Time,day,SMP,month,year,Date
0,1,1,929.1,9,2021,2021-09-01
1,2,1,902.0,9,2021,2021-09-01
2,3,1,900.0,9,2021,2021-09-01
3,4,1,900.0,9,2021,2021-09-01
4,5,1,900.0,9,2021,2021-09-01
5,6,1,895.0,9,2021,2021-09-01
6,7,1,893.0,9,2021,2021-09-01
7,8,1,893.0,9,2021,2021-09-01
8,9,1,893.0,9,2021,2021-09-01
9,10,1,854.1,9,2021,2021-09-01
10,11,1,893.0,9,2021,2021-09-01
11,12,1,895.0,9,2021,2021-09-01
12,13,1,900.0,9,2021,2021-09-01
13,14,1,895.0,9,2021,2021-09-01
14,15,1,854.0,9,2021,2021-09-01
15,16,1,854.0,9,2021,2021-09-01
16,17,1,844.0,9,2021,2021-09-01
17,18,1,700.0,9,2021,2021-09-01
18,19,1,1.0,9,2021,2021-09-01
19,20,1,1.0,9,2021,2021-09-01
20,21,1,1.0,9,2021,2021-09-01
21,22,1,650.0,9,2021,2021-09-01
22,23,1,650.0,9,2021,2021-09-01
23,24,1,500.0,9,2021,2021-09-01
24,25,1,1.0,9,2021,2021-09-01
25,26,1,1.0,9,2021,2021-09-01
26,27,1,1.0,9,2021,2021-09-01
27,28,1,700.0,9,2021,2021-09-01
28,29,1,708.0,9,2021,2021-09-01
29,30,1,650.0,9,2021,2021-09-01
30,31,1,708.0,9,2021,2021-09-01
31,32,1,799.0,9,2021,2021-09-01
32,33,1,893.0,9,2021,2021-09-01
33,34,1,903.0,9,2021,2021-09-01
34,35,1,902.0,9,2021,2021-09-01
35,36,1,929.1,9,2021,2021-09-01
36,37,1,954.5,9,2021,2021-09-01
37,38,1,954.5,9,2021,2021-09-01
38,39,1,929.1,9,2021,2021-09-01
39,40,1,902.0,9,2021,2021-09-01
40,41,1,900.0,9,2021,2021-09-01
41,42,1,899.1,9,2021,2021-09-01
42,43,1,900.0,9,2021,2021-09-01
43,44,1,903.0,9,2021,2021-09-01
44,45,1,929.1,9,2021,2021-09-01
45,46,1,929.1,9,2021,2021-09-01
46,47,1,903.0,9,2021,2021-09-01
47,48,1,895.0,9,2021,2021-09-01
48,1,2,895.0,9,2021,2021-09-02
49,2,2,854.0,9,2021,2021-09-02
50,3,2,800.0,9,2021,2021-09-02
51,4,2,800.0,9,2021,2021-09-02
52,5,2,800.0,9,2021,2021-09-02
53,6,2,800.0,9,2021,2021-09-02
54,7,2,800.0,9,2021,2021-09-02
55,8,2,800.0,9,2021,2021-09-02
56,9,2,800.0,9,2021,2021-09-02
57,10,2,800.0,9,2021,2021-09-02
58,11,2,800.0,9,2021,2021-09-02
59,12,2,800.0,9,2021,2021-09-02
60,13,2,815.0,9,2021,2021-09-02
61,14,2,800.0,9,2021,2021-09-02
62,15,2,800.0,9,2021,2021-09-02
63,16,2,800.0,9,2021,2021-09-02
64,17,2,759.0,9,2021,2021-09-02
65,18,2,700.0,9,2021,2021-09-02
66,19,2,750.0,9,2021,2021-09-02
67,20,2,750.0,9,2021,2021-09-02
68,21,2,750.0,9,2021,2021-09-02
69,22,2,783.0,9,2021,2021-09-02
70,23,2,799.0,9,2021,2021-09-02
71,24,2,783.0,9,2021,2021-09-02
72,25,2,799.0,9,2021,2021-09-02
73,26,2,759.0,9,2021,2021-09-02
74,27,2,750.0,9,2021,2021-09-02
75,28,2,1.0,9,2021,2021-09-02
76,29,2,1.0,9,2021,2021-09-02
77,30,2,1.0,9,2021,2021-09-02
78,31,2,759.0,9,2021,2021-09-02
79,32,2,750.0,9,2021,2021-09-02
80,33,2,800.0,9,2021,2021-09-02
81,34,2,800.0,9,2021,2021-09-02
82,35,2,800.0,9,2021,2021-09-02
83,36,2,815.0,9,2021,2021-09-02
84,37,2,854.0,9,2021,2021-09-02
85,38,2,893.0,9,2021,2021-09-02
86,39,2,893.0,9,2021,2021-09-02
87,40,2,854.1,9,2021,2021-09-02
88,41,2,854.0,9,2021,2021-09-02
89,42,2,815.0,9,2021,2021-09-02
90,43,2,854.1,9,2021,2021-09-02
91,44,2,854.0,9,2021,2021-09-02
92,45,2,854.1,9,2021,2021-09-02
93,46,2,890.2,9,2021,2021-09-02
94,47,2,854.0,9,2021,2021-09-02
95,48,2,850.0,9,2021,2021-09-02
96,1,3,830.0,9,2021,2021-09-03
97,2,3,815.0,9,2021,2021-09-03
98,3,3,801.0,9,2021,2021-09-03
99,4,3,800.0,9,2021,2021-09-03
100,5,3,815.0,9,2021,2021-09-03
101,6,3,830.0,9,2021,2021-09-03
102,7,3,830.0,9,2021,2021-09-03
103,8,3,815.0,9,2021,2021-09-03
104,9,3,830.0,9,2021,2021-09-03
105,10,3,815.0,9,2021,2021-09-03
106,11,3,850.0,9,2021,2021-09-03
107,12,3,893.0,9,2021,2021-09-03
108,13,3,893.0,9,2021,2021-09-03
109,14,3,850.0,9,2021,2021-09-03
110,15,3,815.0,9,2021,2021-09-03
111,16,3,800.0,9,2021,2021-09-03
112,17,3,815.0,9,2021,2021-09-03
113,18,3,799.0,9,2021,2021-09-03
114,19,3,759.0,9,2021,2021-09-03
115,20,3,800.0,9,2021,2021-09-03
116,21,3,800.0,9,2021,2021-09-03
117,22,3,800.0,9,2021,2021-09-03
118,23,3,800.0,9,2021,2021-09-03
119,24,3,799.0,9,2021,2021-09-03
120,25,3,759.0,9,2021,2021-09-03
121,26,3,759.0,9,2021,2021-09-03
122,27,3,720.0,9,2021,2021-09-03
123,28,3,799.0,9,2021,2021-09-03
124,29,3,815.0,9,2021,2021-09-03
125,30,3,801.0,9,2021,2021-09-03
126,31,3,815.0,9,2021,2021-09-03
127,32,3,830.0,9,2021,2021-09-03
128,33,3,893.0,9,2021,2021-09-03
129,34,3,854.0,9,2021,2021-09-03
130,35,3,854.0,9,2021,2021-09-03
131,36,3,914.0,9,2021,2021-09-03
132,37,3,964.6,9,2021,2021-09-03
133,38,3,1202.5,9,2021,2021-09-03
134,39,3,999.0,9,2021,2021-09-03
135,40,3,922.0,9,2021,2021-09-03
136,41,3,893.0,9,2021,2021-09-03
137,42,3,854.0,9,2021,2021-09-03
138,43,3,854.1,9,2021,2021-09-03
139,44,3,922.0,9,2021,2021-09-03
140,45,3,947.0,9,2021,2021-09-03
141,46,3,922.0,9,2021,2021-09-03
142,47,3,893.0,9,2021,2021-09-03
143,48,3,854.0,9,2021,2021-09-03
144,1,4,890.2,9,2021,2021-09-04
145,2,4,922.0,9,2021,2021-09-04
146,3,4,954.5,9,2021,2021-09-04
147,4,4,954.5,9,2021,2021-09-04
148,5,4,954.5,9,2021,2021-09-04
149,6,4,922.0,9,2021,2021-09-04
150,7,4,954.5,9,2021,2021-09-04
151,8,4,940.1,9,2021,2021-09-04
152,9,4,900.0,9,2021,2021-09-04
153,10,4,895.0,9,2021,2021-09-04
154,11,4,890.2,9,2021,2021-09-04
155,12,4,870.0,9,2021,2021-09-04
156,13,4,895.0,9,2021,2021-09-04
157,14,4,895.0,9,2021,2021-09-04
158,15,4,895.0,9,2021,2021-09-04
159,16,4,890.2,9,2021,2021-09-04
160,17,4,870.0,9,2021,2021-09-04
161,18,4,854.0,9,2021,2021-09-04
162,19,4,870.0,9,2021,2021-09-04
163,20,4,850.0,9,2021,2021-09-04
164,21,4,801.0,9,2021,2021-09-04
165,22,4,801.0,9,2021,2021-09-04
166,23,4,1.0,9,2021,2021-09-04
167,24,4,1.0,9,2021,2021-09-04
168,25,4,1.0,9,2021,2021-09-04
169,26,4,500.0,9,2021,2021-09-04
170,27,4,710.0,9,2021,2021-09-04
171,28,4,629.0,9,2021,2021-09-04
172,29,4,725.0,9,2021,2021-09-04
173,30,4,815.0,9,2021,2021-09-04
174,31,4,850.0,9,2021,2021-09-04
175,32,4,870.0,9,2021,2021-09-04
176,33,4,870.0,9,2021,2021-09-04
177,34,4,870.0,9,2021,2021-09-04
178,35,4,870.0,9,2021,2021-09-04
179,36,4,999.0,9,2021,2021-09-04
180,37,4,999.0,9,2021,2021-09-04
181,38,4,1024.2,9,2021,2021-09-04
182,39,4,962.0,9,2021,2021-09-04
183,40,4,922.0,9,2021,2021-09-04
184,41,4,962.0,9,2021,2021-09-04
185,42,4,999.0,9,2021,2021-09-04
186,43,4,999.0,9,2021,2021-09-04
187,44,4,1202.5,9,2021,2021-09-04
188,45,4,1266.0,9,2021,2021-09-04
189,46,4,1266.0,9,2021,2021-09-04
190,47,4,1202.5,9,2021,2021-09-04
191,48,4,1199.0,9,2021,2021-09-04
192,1,5,962.0,9,2021,2021-09-05
193,2,5,925.0,9,2021,2021-09-05
194,3,5,925.0,9,2021,2021-09-05
195,4,5,925.0,9,2021,2021-09-05
196,5,5,986.5,9,2021,2021-09-05
197,6,5,1002.6,9,2021,2021-09-05
198,7,5,962.0,9,2021,2021-09-05
199,8,5,940.1,9,2021,2021-09-05
200,9,5,1098.2,9,2021,2021-09-05
201,10,5,1202.5,9,2021,2021-09-05
202,11,5,1202.5,9,2021,2021-09-05
203,12,5,1024.2,9,2021,2021-09-05
204,13,5,960.0,9,2021,2021-09-05
205,14,5,925.0,9,2021,2021-09-05
206,15,5,895.0,9,2021,2021-09-05
207,16,5,870.0,9,2021,2021-09-05
208,17,5,870.0,9,2021,2021-09-05
209,18,5,850.0,9,2021,2021-09-05
210,19,5,750.0,9,2021,2021-09-05
211,20,5,500.0,9,2021,2021-09-05
212,21,5,1.0,9,2021,2021-09-05
213,22,5,1.0,9,2021,2021-09-05
214,23,5,1.0,9,2021,2021-09-05
215,24,5,1.0,9,2021,2021-09-05
216,25,5,1.0,9,2021,2021-09-05
217,26,5,1.0,9,2021,2021-09-05
218,27,5,1.0,9,2021,2021-09-05
219,28,5,1.0,9,2021,2021-09-05
220,29,5,1.0,9,2021,2021-09-05
221,30,5,1.0,9,2021,2021-09-05
222,31,5,1.0,9,2021,2021-09-05
223,32,5,600.0,9,2021,2021-09-05
224,33,5,800.0,9,2021,2021-09-05
225,34,5,800.0,9,2021,2021-09-05
226,35,5,870.0,9,2021,2021-09-05
227,36,5,925.0,9,2021,2021-09-05
228,37,5,962.0,9,2021,2021-09-05
229,38,5,1266.0,9,2021,2021-09-05
230,39,5,895.0,9,2021,2021-09-05
231,40,5,850.0,9,2021,2021-09-05
232,41,5,850.0,9,2021,2021-09-05
233,42,5,800.0,9,2021,2021-09-05
234,43,5,800.0,9,2021,2021-09-05
235,44,5,800.0,9,2021,2021-09-05
236,45,5,854.0,9,2021,2021-09-05
237,46,5,854.1,9,2021,2021-09-05
238,47,5,854.0,9,2021,2021-09-05
239,48,5,800.0,9,2021,2021-09-05
240,1,6,550.0,9,2021,2021-09-06
241,2,6,500.0,9,2021,2021-09-06
242,3,6,1.0,9,2021,2021-09-06
243,4,6,500.0,9,2021,2021-09-06
244,5,6,500.0,9,2021,2021-09-06
245,6,6,1.0,9,2021,2021-09-06
246,7,6,350.0,9,2021,2021-09-06
247,8,6,500.0,9,2021,2021-09-06
248,9,6,500.0,9,2021,2021-09-06
249,10,6,1.0,9,2021,2021-09-06
250,11,6,1.0,9,2021,2021-09-06
251,12,6,1.0,9,2021,2021-09-06
252,13,6,700.0,9,2021,2021-09-06
253,14,6,500.0,9,2021,2021-09-06
254,15,6,1.0,9,2021,2021-09-06
255,16,6,1.0,9,2021,2021-09-06
256,17,6,1.0,9,2021,2021-09-06
257,18,6,1.0,9,2021,2021-09-06
258,19,6,1.0,9,2021,2021-09-06
259,20,6,1.0,9,2021,2021-09-06
260,21,6,1.0,9,2021,2021-09-06
261,22,6,1.0,9,2021,2021-09-06
262,23,6,1.0,9,2021,2021-09-06
263,24,6,1.0,9,2021,2021-09-06
264,25,6,1.0,9,2021,2021-09-06
265,26,6,1.0,9,2021,2021-09-06
266,27,6,1.0,9,2021,2021-09-06
267,28,6,500.0,9,2021,2021-09-06
268,29,6,1.0,9,2021,2021-09-06
269,30,6,500.0,9,2021,2021-09-06
270,31,6,800.0,9,2021,2021-09-06
271,32,6,848.0,9,2021,2021-09-06
272,33,6,853.9,9,2021,2021-09-06
273,34,6,890.0,9,2021,2021-09-06
274,35,6,890.0,9,2021,2021-09-06
275,36,6,890.0,9,2021,2021-09-06
276,37,6,900.0,9,2021,2021-09-06
277,38,6,902.0,9,2021,2021-09-06
278,39,6,900.0,9,2021,2021-09-06
279,40,6,853.9,9,2021,2021-09-06
280,41,6,864.7,9,2021,2021-09-06
281,42,6,890.0,9,2021,2021-09-06
282,43,6,895.0,9,2021,2021-09-06
283,44,6,890.0,9,2021,2021-09-06
284,45,6,895.0,9,2021,2021-09-06
285,46,6,890.0,9,2021,2021-09-06
286,47,6,895.0,9,2021,2021-09-06
287,48,6,890.0,9,2021,2021-09-06
288,1,7,930.1,9,2021,2021-09-07
289,2,7,890.0,9,2021,2021-09-07
290,3,7,854.1,9,2021,2021-09-07
291,4,7,854.1,9,2021,2021-09-07
292,5,7,854.1,9,2021,2021-09-07
293,6,7,854.1,9,2021,2021-09-07
294,7,7,890.0,9,2021,2021-09-07
295,8,7,800.0,9,2021,2021-09-07
296,9,7,849.0,9,2021,2021-09-07
297,10,7,848.0,9,2021,2021-09-07
298,11,7,848.0,9,2021,2021-09-07
299,12,7,854.1,9,2021,2021-09-07
300,13,7,900.0,9,2021,2021-09-07
301,14,7,854.0,9,2021,2021-09-07
302,15,7,800.0,9,2021,2021-09-07
303,16,7,850.0,9,2021,2021-09-07
304,17,7,800.0,9,2021,2021-09-07
305,18,7,780.0,9,2021,2021-09-07
306,19,7,700.0,9,2021,2021-09-07
307,20,7,650.0,9,2021,2021-09-07
308,21,7,500.0,9,2021,2021-09-07
309,22,7,650.0,9,2021,2021-09-07
310,23,7,650.0,9,2021,2021-09-07
311,24,7,500.0,9,2021,2021-09-07
312,25,7,1.0,9,2021,2021-09-07
313,26,7,1.0,9,2021,2021-09-07
314,27,7,650.0,9,2021,2021-09-07
315,28,7,500.0,9,2021,2021-09-07
316,29,7,1.0,9,2021,2021-09-07
317,30,7,500.0,9,2021,2021-09-07
318,31,7,700.0,9,2021,2021-09-07
319,32,7,749.0,9,2021,2021-09-07
320,33,7,800.0,9,2021,2021-09-07
321,34,7,850.0,9,2021,2021-09-07
322,35,7,854.1,9,2021,2021-09-07
323,36,7,948.0,9,2021,2021-09-07
324,37,7,962.0,9,2021,2021-09-07
325,38,7,1170.0,9,2021,2021-09-07
326,39,7,948.0,9,2021,2021-09-07
327,40,7,890.0,9,2021,2021-09-07
328,41,7,854.1,9,2021,2021-09-07
329,42,7,850.0,9,2021,2021-09-07
330,43,7,780.0,9,2021,2021-09-07
331,44,7,723.0,9,2021,2021-09-07
332,45,7,723.0,9,2021,2021-09-07
333,46,7,650.0,9,2021,2021-09-07
334,47,7,650.0,9,2021,2021-09-07
335,48,7,650.0,9,2021,2021-09-07
336,1,8,749.0,9,2021,2021-09-08
337,2,8,650.0,9,2021,2021-09-08
338,3,8,700.0,9,2021,2021-09-08
339,4,8,700.0,9,2021,2021-09-08
340,5,8,700.0,9,2021,2021-09-08
341,6,8,650.0,9,2021,2021-09-08
342,7,8,650.0,9,2021,2021-09-08
343,8,8,650.0,9,2021,2021-09-08
344,9,8,650.0,9,2021,2021-09-08
345,10,8,700.0,9,2021,2021-09-08
346,11,8,650.0,9,2021,2021-09-08
347,12,8,700.0,9,2021,2021-09-08
348,13,8,749.0,9,2021,2021-09-08
349,14,8,723.0,9,2021,2021-09-08
350,15,8,650.0,9,2021,2021-09-08
351,16,8,300.0,9,2021,2021-09-08
352,17,8,1.0,9,2021,2021-09-08
353,18,8,1.0,9,2021,2021-09-08
354,19,8,1.0,9,2021,2021-09-08
355,20,8,1.0,9,2021,2021-09-08
356,21,8,1.0,9,2021,2021-09-08
357,22,8,1.0,9,2021,2021-09-08
358,23,8,1.0,9,2021,2021-09-08
359,24,8,1.0,9,2021,2021-09-08
360,25,8,1.0,9,2021,2021-09-08
361,26,8,1.0,9,2021,2021-09-08
362,27,8,1.0,9,2021,2021-09-08
363,28,8,1.0,9,2021,2021-09-08
364,29,8,1.0,9,2021,2021-09-08
365,30,8,1.0,9,2021,2021-09-08
366,31,8,1.0,9,2021,2021-09-08
367,32,8,1.0,9,2021,2021-09-08
368,33,8,1.0,9,2021,2021-09-08
369,34,8,800.0,9,2021,2021-09-08
370,35,8,915.0,9,2021,2021-09-08
371,36,8,949.0,9,2021,2021-09-08
372,37,8,949.0,9,2021,2021-09-08
373,38,8,949.0,9,2021,2021-09-08
374,39,8,854.1,9,2021,2021-09-08
375,40,8,749.0,9,2021,2021-09-08
376,41,8,749.0,9,2021,2021-09-08
377,42,8,650.0,9,2021,2021-09-08
378,43,8,650.0,9,2021,2021-09-08
379,44,8,499.0,9,2021,2021-09-08
380,45,8,500.0,9,2021,2021-09-08
381,46,8,500.0,9,2021,2021-09-08
382,47,8,400.0,9,2021,2021-09-08
383,48,8,400.0,9,2021,2021-09-08
384,1,9,650.0,9,2021,2021-09-09
385,2,9,650.0,9,2021,2021-09-09
386,3,9,1.0,9,2021,2021-09-09
387,4,9,400.0,9,2021,2021-09-09
388,5,9,1.0,9,2021,2021-09-09
389,6,9,1.0,9,2021,2021-09-09
390,7,9,1.0,9,2021,2021-09-09
391,8,9,1.0,9,2021,2021-09-09
392,9,9,1.0,9,2021,2021-09-09
393,10,9,1.0,9,2021,2021-09-09
394,11,9,1.0,9,2021,2021-09-09
395,12,9,1.0,9,2021,2021-09-09
396,13,9,1.0,9,2021,2021-09-09
397,14,9,1.0,9,2021,2021-09-09
398,15,9,1.0,9,2021,2021-09-09
399,16,9,1.0,9,2021,2021-09-09
400,17,9,1.0,9,2021,2021-09-09
401,18,9,1.0,9,2021,2021-09-09
402,19,9,1.0,9,2021,2021-09-09
403,20,9,1.0,9,2021,2021-09-09
404,21,9,1.0,9,2021,2021-09-09
405,22,9,1.0,9,2021,2021-09-09
406,23,9,1.0,9,2021,2021-09-09
407,24,9,1.0,9,2021,2021-09-09
408,25,9,1.0,9,2021,2021-09-09
409,26,9,1.0,9,2021,2021-09-09
410,27,9,1.0,9,2021,2021-09-09
411,28,9,1.0,9,2021,2021-09-09
412,29,9,1.0,9,2021,2021-09-09
413,30,9,1.0,9,2021,2021-09-09
414,31,9,1.0,9,2021,2021-09-09
415,32,9,1.0,9,2021,2021-09-09
416,33,9,1.0,9,2021,2021-09-09
417,34,9,749.0,9,2021,2021-09-09
418,35,9,854.1,9,2021,2021-09-09
419,36,9,930.0,9,2021,2021-09-09
420,37,9,962.0,9,2021,2021-09-09
421,38,9,899.1,9,2021,2021-09-09
422,39,9,850.0,9,2021,2021-09-09
423,40,9,750.0,9,2021,2021-09-09
424,41,9,650.0,9,2021,2021-09-09
425,42,9,300.0,9,2021,2021-09-09
426,43,9,650.0,9,2021,2021-09-09
427,44,9,650.0,9,2021,2021-09-09
428,45,9,650.0,9,2021,2021-09-09
429,46,9,400.0,9,2021,2021-09-09
430,47,9,1.0,9,2021,2021-09-09
431,48,9,1.0,9,2021,2021-09-09
432,1,10,749.0,9,2021,2021-09-10
433,2,10,749.0,9,2021,2021-09-10
434,3,10,749.0,9,2021,2021-09-10
435,4,10,749.0,9,2021,2021-09-10
436,5,10,749.0,9,2021,2021-09-10
437,6,10,749.0,9,2021,2021-09-10
438,7,10,749.0,9,2021,2021-09-10
439,8,10,730.0,9,2021,2021-09-10
440,9,10,700.0,9,2021,2021-09-10
441,10,10,700.0,9,2021,2021-09-10
442,11,10,715.0,9,2021,2021-09-10
443,12,10,730.0,9,2021,2021-09-10
444,13,10,700.0,9,2021,2021-09-10
445,14,10,300.0,9,2021,2021-09-10
446,15,10,300.0,9,2021,2021-09-10
447,16,10,300.0,9,2021,2021-09-10
448,17,10,1.0,9,2021,2021-09-10
449,18,10,1.0,9,2021,2021-09-10
450,19,10,1.0,9,2021,2021-09-10
451,20,10,1.0,9,2021,2021-09-10
452,21,10,1.0,9,2021,2021-09-10
453,22,10,300.0,9,2021,2021-09-10
454,23,10,1.0,9,2021,2021-09-10
455,24,10,1.0,9,2021,2021-09-10
456,25,10,1.0,9,2021,2021-09-10
457,26,10,1.0,9,2021,2021-09-10
458,27,10,1.0,9,2021,2021-09-10
459,28,10,1.0,9,2021,2021-09-10
460,29,10,1.0,9,2021,2021-09-10
461,30,10,749.0,9,2021,2021-09-10
462,31,10,854.1,9,2021,2021-09-10
463,32,10,917.0,9,2021,2021-09-10
464,33,10,962.0,9,2021,2021-09-10
465,34,10,1266.0,9,2021,2021-09-10
466,35,10,1266.0,9,2021,2021-09-10
467,36,10,1266.0,9,2021,2021-09-10
468,37,10,1266.0,9,2021,2021-09-10
469,38,10,1266.0,9,2021,2021-09-10
470,39,10,1170.0,9,2021,2021-09-10
471,40,10,915.0,9,2021,2021-09-10
472,41,10,890.0,9,2021,2021-09-10
473,42,10,890.0,9,2021,2021-09-10
474,43,10,850.0,9,2021,2021-09-10
475,44,10,800.0,9,2021,2021-09-10
476,45,10,800.0,9,2021,2021-09-10
477,46,10,749.0,9,2021,2021-09-10
478,47,10,600.0,9,2021,2021-09-10
479,48,10,395.0,9,2021,2021-09-10
480,1,11,854.1,9,2021,2021-09-11
481,2,11,800.0,9,2021,2021-09-11
482,3,11,780.0,9,2021,2021-09-11
483,4,11,800.0,9,2021,2021-09-11
484,5,11,800.0,9,2021,2021-09-11
485,6,11,800.0,9,2021,2021-09-11
486,7,11,800.0,9,2021,2021-09-11
487,8,11,800.0,9,2021,2021-09-11
488,9,11,800.0,9,2021,2021-09-11
489,10,11,780.0,9,2021,2021-09-11
490,11,11,800.0,9,2021,2021-09-11
491,12,11,800.0,9,2021,2021-09-11
492,13,11,800.0,9,2021,2021-09-11
493,14,11,750.0,9,2021,2021-09-11
494,15,11,780.0,9,2021,2021-09-11
495,16,11,800.0,9,2021,2021-09-11
496,17,11,500.0,9,2021,2021-09-11
497,18,11,1.0,9,2021,2021-09-11
498,19,11,1.0,9,2021,2021-09-11
499,20,11,1.0,9,2021,2021-09-11
500,21,11,1.0,9,2021,2021-09-11
501,22,11,1.0,9,2021,2021-09-11
502,23,11,1.0,9,2021,2021-09-11
503,24,11,1.0,9,2021,2021-09-11
504,25,11,1.0,9,2021,2021-09-11
505,26,11,1.0,9,2021,2021-09-11
506,27,11,1.0,9,2021,2021-09-11
507,28,11,1.0,9,2021,2021-09-11
508,29,11,500.0,9,2021,2021-09-11
509,30,11,854.0,9,2021,2021-09-11
510,31,11,886.3,9,2021,2021-09-11
511,32,11,886.3,9,2021,2021-09-11
512,33,11,800.0,9,2021,2021-09-11
513,34,11,890.0,9,2021,2021-09-11
514,35,11,900.0,9,2021,2021-09-11
515,36,11,915.0,9,2021,2021-09-11
516,37,11,917.0,9,2021,2021-09-11
517,38,11,1024.2,9,2021,2021-09-11
518,39,11,962.0,9,2021,2021-09-11
519,40,11,954.5,9,2021,2021-09-11
520,41,11,954.0,9,2021,2021-09-11
521,42,11,954.5,9,2021,2021-09-11
522,43,11,986.5,9,2021,2021-09-11
523,44,11,917.0,9,2021,2021-09-11
524,45,11,917.0,9,2021,2021-09-11
525,46,11,914.0,9,2021,2021-09-11
526,47,11,900.0,9,2021,2021-09-11
527,48,11,890.0,9,2021,2021-09-11
528,1,12,900.0,9,2021,2021-09-12
529,2,12,850.0,9,2021,2021-09-12
530,3,12,800.0,9,2021,2021-09-12
531,4,12,750.0,9,2021,2021-09-12
532,5,12,749.0,9,2021,2021-09-12
533,6,12,749.0,9,2021,2021-09-12
534,7,12,749.0,9,2021,2021-09-12
535,8,12,300.0,9,2021,2021-09-12
536,9,12,300.0,9,2021,2021-09-12
537,10,12,300.0,9,2021,2021-09-12
538,11,12,300.0,9,2021,2021-09-12
539,12,12,300.0,9,2021,2021-09-12
540,13,12,300.0,9,2021,2021-09-12
541,14,12,250.0,9,2021,2021-09-12
542,15,12,1.0,9,2021,2021-09-12
543,16,12,1.0,9,2021,2021-09-12
544,17,12,1.0,9,2021,2021-09-12
545,18,12,1.0,9,2021,2021-09-12
546,19,12,1.0,9,2021,2021-09-12
547,20,12,1.0,9,2021,2021-09-12
548,21,12,1.0,9,2021,2021-09-12
549,22,12,1.0,9,2021,2021-09-12
550,23,12,300.0,9,2021,2021-09-12
551,24,12,500.0,9,2021,2021-09-12
552,25,12,500.0,9,2021,2021-09-12
553,26,12,800.0,9,2021,2021-09-12
554,27,12,800.0,9,2021,2021-09-12
555,28,12,715.0,9,2021,2021-09-12
556,29,12,500.0,9,2021,2021-09-12
557,30,12,750.0,9,2021,2021-09-12
558,31,12,800.0,9,2021,2021-09-12
559,32,12,850.0,9,2021,2021-09-12
560,33,12,850.0,9,2021,2021-09-12
561,34,12,900.0,9,2021,2021-09-12
562,35,12,915.0,9,2021,2021-09-12
563,36,12,962.0,9,2021,2021-09-12
564,37,12,1170.0,9,2021,2021-09-12
565,38,12,1266.0,9,2021,2021-09-12
566,39,12,1266.0,9,2021,2021-09-12
567,40,12,1024.2,9,2021,2021-09-12
568,41,12,962.0,9,2021,2021-09-12
569,42,12,961.0,9,2021,2021-09-12
570,43,12,962.0,9,2021,2021-09-12
571,44,12,962.0,9,2021,2021-09-12
572,45,12,962.0,9,2021,2021-09-12
573,46,12,962.0,9,2021,2021-09-12
574,47,12,962.0,9,2021,2021-09-12
575,48,12,915.0,9,2021,2021-09-12
576,1,13,844.0,9,2021,2021-09-13
577,2,13,854.0,9,2021,2021-09-13
578,3,13,820.0,9,2021,2021-09-13
579,4,13,800.0,9,2021,2021-09-13
580,5,13,800.0,9,2021,2021-09-13
581,6,13,800.0,9,2021,2021-09-13
582,7,13,800.0,9,2021,2021-09-13
583,8,13,750.0,9,2021,2021-09-13
584,9,13,800.0,9,2021,2021-09-13
585,10,13,800.0,9,2021,2021-09-13
586,11,13,800.0,9,2021,2021-09-13
587,12,13,844.0,9,2021,2021-09-13
588,13,13,886.3,9,2021,2021-09-13
589,14,13,800.0,9,2021,2021-09-13
590,15,13,844.0,9,2021,2021-09-13
591,16,13,886.3,9,2021,2021-09-13
592,17,13,848.0,9,2021,2021-09-13
593,18,13,800.0,9,2021,2021-09-13
594,19,13,1.0,9,2021,2021-09-13
595,20,13,1.0,9,2021,2021-09-13
596,21,13,500.0,9,2021,2021-09-13
597,22,13,500.0,9,2021,2021-09-13
598,23,13,1.0,9,2021,2021-09-13
599,24,13,1.0,9,2021,2021-09-13
600,25,13,1.0,9,2021,2021-09-13
601,26,13,1.0,9,2021,2021-09-13
602,27,13,300.0,9,2021,2021-09-13
603,28,13,200.0,9,2021,2021-09-13
604,29,13,1.0,9,2021,2021-09-13
605,30,13,395.0,9,2021,2021-09-13
606,31,13,700.0,9,2021,2021-09-13
607,32,13,800.0,9,2021,2021-09-13
608,33,13,850.0,9,2021,2021-09-13
609,34,13,915.0,9,2021,2021-09-13
610,35,13,958.0,9,2021,2021-09-13
611,36,13,986.5,9,2021,2021-09-13
612,37,13,1266.0,9,2021,2021-09-13
613,38,13,1170.0,9,2021,2021-09-13
614,39,13,960.0,9,2021,2021-09-13
615,40,13,917.0,9,2021,2021-09-13
616,41,13,917.0,9,2021,2021-09-13
617,42,13,962.0,9,2021,2021-09-13
618,43,13,940.1,9,2021,2021-09-13
619,44,13,915.0,9,2021,2021-09-13
620,45,13,886.3,9,2021,2021-09-13
621,46,13,886.3,9,2021,2021-09-13
622,47,13,886.3,9,2021,2021-09-13
623,48,13,886.3,9,2021,2021-09-13
624,1,14,901.2,9,2021,2021-09-14
625,2,14,900.0,9,2021,2021-09-14
626,3,14,890.2,9,2021,2021-09-14
627,4,14,820.0,9,2021,2021-09-14
628,5,14,820.0,9,2021,2021-09-14
629,6,14,820.0,9,2021,2021-09-14
630,7,14,844.0,9,2021,2021-09-14
631,8,14,800.0,9,2021,2021-09-14
632,9,14,800.0,9,2021,2021-09-14
633,10,14,800.0,9,2021,2021-09-14
634,11,14,900.0,9,2021,2021-09-14
635,12,14,900.0,9,2021,2021-09-14
636,13,14,900.0,9,2021,2021-09-14
637,14,14,800.0,9,2021,2021-09-14
638,15,14,800.0,9,2021,2021-09-14
639,16,14,1.0,9,2021,2021-09-14
640,17,14,1.0,9,2021,2021-09-14
641,18,14,1.0,9,2021,2021-09-14
642,19,14,1.0,9,2021,2021-09-14
643,20,14,1.0,9,2021,2021-09-14
644,21,14,1.0,9,2021,2021-09-14
645,22,14,1.0,9,2021,2021-09-14
646,23,14,1.0,9,2021,2021-09-14
647,24,14,1.0,9,2021,2021-09-14
648,25,14,1.0,9,2021,2021-09-14
649,26,14,1.0,9,2021,2021-09-14
650,27,14,1.0,9,2021,2021-09-14
651,28,14,1.0,9,2021,2021-09-14
652,29,14,1.0,9,2021,2021-09-14
653,30,14,500.0,9,2021,2021-09-14
654,31,14,700.0,9,2021,2021-09-14
655,32,14,910.0,9,2021,2021-09-14
656,33,14,910.0,9,2021,2021-09-14
657,34,14,986.5,9,2021,2021-09-14
658,35,14,1266.0,9,2021,2021-09-14
659,36,14,1300.0,9,2021,2021-09-14
660,37,14,1503.5,9,2021,2021-09-14
661,38,14,1300.0,9,2021,2021-09-14
662,39,14,1266.0,9,2021,2021-09-14
663,40,14,1266.0,9,2021,2021-09-14
664,41,14,1170.0,9,2021,2021-09-14
665,42,14,1170.0,9,2021,2021-09-14
666,43,14,962.0,9,2021,2021-09-14
667,44,14,955.0,9,2021,2021-09-14
668,45,14,910.0,9,2021,2021-09-14
669,46,14,910.0,9,2021,2021-09-14
670,47,14,901.2,9,2021,2021-09-14
671,48,14,850.0,9,2021,2021-09-14
672,1,15,917.0,9,2021,2021-09-15
673,2,15,917.0,9,2021,2021-09-15
674,3,15,917.0,9,2021,2021-09-15
675,4,15,917.0,9,2021,2021-09-15
676,5,15,917.0,9,2021,2021-09-15
677,6,15,910.0,9,2021,2021-09-15
678,7,15,910.0,9,2021,2021-09-15
679,8,15,910.0,9,2021,2021-09-15
680,9,15,910.0,9,2021,2021-09-15
681,10,15,910.0,9,2021,2021-09-15
682,11,15,910.0,9,2021,2021-09-15
683,12,15,910.0,9,2021,2021-09-15
684,13,15,910.0,9,2021,2021-09-15
685,14,15,900.0,9,2021,2021-09-15
686,15,15,897.8,9,2021,2021-09-15
687,16,15,850.0,9,2021,2021-09-15
688,17,15,750.0,9,2021,2021-09-15
689,18,15,750.0,9,2021,2021-09-15
690,19,15,1.0,9,2021,2021-09-15
691,20,15,1.0,9,2021,2021-09-15
692,21,15,1.0,9,2021,2021-09-15
693,22,15,500.0,9,2021,2021-09-15
694,23,15,500.0,9,2021,2021-09-15
695,24,15,1.0,9,2021,2021-09-15
696,25,15,1.0,9,2021,2021-09-15
697,26,15,1.0,9,2021,2021-09-15
698,27,15,1.0,9,2021,2021-09-15
699,28,15,1.0,9,2021,2021-09-15
700,29,15,396.0,9,2021,2021-09-15
701,30,15,500.0,9,2021,2021-09-15
702,31,15,397.0,9,2021,2021-09-15
703,32,15,750.0,9,2021,2021-09-15
704,33,15,900.0,9,2021,2021-09-15
705,34,15,935.0,9,2021,2021-09-15
706,35,15,958.0,9,2021,2021-09-15
707,36,15,1072.0,9,2021,2021-09-15
708,37,15,1266.0,9,2021,2021-09-15
709,38,15,1266.0,9,2021,2021-09-15
710,39,15,1266.0,9,2021,2021-09-15
711,40,15,1266.0,9,2021,2021-09-15
712,41,15,1024.2,9,2021,2021-09-15
713,42,15,1170.0,9,2021,2021-09-15
714,43,15,1024.2,9,2021,2021-09-15
715,44,15,964.6,9,2021,2021-09-15
716,45,15,958.0,9,2021,2021-09-15
717,46,15,950.0,9,2021,2021-09-15
718,47,15,935.0,9,2021,2021-09-15
719,48,15,917.0,9,2021,2021-09-15
720,1,16,917.0,9,2021,2021-09-16
721,2,16,917.0,9,2021,2021-09-16
722,3,16,917.0,9,2021,2021-09-16
723,4,16,917.0,9,2021,2021-09-16
724,5,16,917.0,9,2021,2021-09-16
725,6,16,917.0,9,2021,2021-09-16
726,7,16,917.0,9,2021,2021-09-16
727,8,16,917.0,9,2021,2021-09-16
728,9,16,917.0,9,2021,2021-09-16
729,10,16,935.0,9,2021,2021-09-16
730,11,16,935.0,9,2021,2021-09-16
731,12,16,935.0,9,2021,2021-09-16
732,13,16,935.0,9,2021,2021-09-16
733,14,16,917.0,9,2021,2021-09-16
734,15,16,910.0,9,2021,2021-09-16
735,16,16,750.0,9,2021,2021-09-16
736,17,16,1.0,9,2021,2021-09-16
737,18,16,1.0,9,2021,2021-09-16
738,19,16,1.0,9,2021,2021-09-16
739,20,16,1.0,9,2021,2021-09-16
740,21,16,1.0,9,2021,2021-09-16
741,22,16,1.0,9,2021,2021-09-16
742,23,16,1.0,9,2021,2021-09-16
743,24,16,1.0,9,2021,2021-09-16
744,25,16,1.0,9,2021,2021-09-16
745,26,16,1.0,9,2021,2021-09-16
746,27,16,1.0,9,2021,2021-09-16
747,28,16,1.0,9,2021,2021-09-16
748,29,16,1.0,9,2021,2021-09-16
749,30,16,1.0,9,2021,2021-09-16
750,31,16,1.0,9,2021,2021-09-16
751,32,16,910.0,9,2021,2021-09-16
752,33,16,917.0,9,2021,2021-09-16
753,34,16,950.0,9,2021,2021-09-16
754,35,16,986.5,9,2021,2021-09-16
755,36,16,1062.8,9,2021,2021-09-16
756,37,16,1062.8,9,2021,2021-09-16
757,38,16,1170.0,9,2021,2021-09-16
758,39,16,1266.0,9,2021,2021-09-16
759,40,16,1266.0,9,2021,2021-09-16
760,41,16,1266.0,9,2021,2021-09-16
761,42,16,1170.0,9,2021,2021-09-16
762,43,16,1024.2,9,2021,2021-09-16
763,44,16,962.0,9,2021,2021-09-16
764,45,16,950.0,9,2021,2021-09-16
765,46,16,938.0,9,2021,2021-09-16
766,47,16,950.0,9,2021,2021-09-16
767,48,16,938.0,9,2021,2021-09-16
768,1,17,940.1,9,2021,2021-09-17
769,2,17,938.0,9,2021,2021-09-17
770,3,17,935.0,9,2021,2021-09-17
771,4,17,935.0,9,2021,2021-09-17
772,5,17,935.0,9,2021,2021-09-17
773,6,17,935.0,9,2021,2021-09-17
774,7,17,935.0,9,2021,2021-09-17
775,8,17,935.0,9,2021,2021-09-17
776,9,17,938.0,9,2021,2021-09-17
777,10,17,938.0,9,2021,2021-09-17
778,11,17,940.1,9,2021,2021-09-17
779,12,17,950.0,9,2021,2021-09-17
780,13,17,938.0,9,2021,2021-09-17
781,14,17,917.0,9,2021,2021-09-17
782,15,17,1.0,9,2021,2021-09-17
783,16,17,1.0,9,2021,2021-09-17
784,17,17,1.0,9,2021,2021-09-17
785,18,17,1.0,9,2021,2021-09-17
786,19,17,1.0,9,2021,2021-09-17
787,20,17,1.0,9,2021,2021-09-17
788,21,17,1.0,9,2021,2021-09-17
789,22,17,500.0,9,2021,2021-09-17
790,23,17,700.0,9,2021,2021-09-17
791,24,17,700.0,9,2021,2021-09-17
792,25,17,800.0,9,2021,2021-09-17
793,26,17,800.0,9,2021,2021-09-17
794,27,17,780.0,9,2021,2021-09-17
795,28,17,700.0,9,2021,2021-09-17
796,29,17,1.0,9,2021,2021-09-17
797,30,17,1.0,9,2021,2021-09-17
798,31,17,900.0,9,2021,2021-09-17
799,32,17,935.0,9,2021,2021-09-17
800,33,17,1024.2,9,2021,2021-09-17
801,34,17,1350.0,9,2021,2021-09-17
802,35,17,1503.5,9,2021,2021-09-17
803,36,17,1503.5,9,2021,2021-09-17
804,37,17,1503.5,9,2021,2021-09-17
805,38,17,1503.5,9,2021,2021-09-17
806,39,17,1503.5,9,2021,2021-09-17
807,40,17,1266.0,9,2021,2021-09-17
808,41,17,1266.0,9,2021,2021-09-17
809,42,17,1503.5,9,2021,2021-09-17
810,43,17,1503.5,9,2021,2021-09-17
811,44,17,1266.0,9,2021,2021-09-17
812,45,17,1170.0,9,2021,2021-09-17
813,46,17,962.0,9,2021,2021-09-17
814,47,17,962.0,9,2021,2021-09-17
815,48,17,950.0,9,2021,2021-09-17
816,1,18,940.1,9,2021,2021-09-18
817,2,18,929.1,9,2021,2021-09-18
818,3,18,929.1,9,2021,2021-09-18
819,4,18,929.1,9,2021,2021-09-18
820,5,18,917.0,9,2021,2021-09-18
821,6,18,917.0,9,2021,2021-09-18
822,7,18,929.1,9,2021,2021-09-18
823,8,18,929.1,9,2021,2021-09-18
824,9,18,929.1,9,2021,2021-09-18
825,10,18,929.1,9,2021,2021-09-18
826,11,18,929.1,9,2021,2021-09-18
827,12,18,935.0,9,2021,2021-09-18
828,13,18,938.0,9,2021,2021-09-18
829,14,18,938.0,9,2021,2021-09-18
830,15,18,940.1,9,2021,2021-09-18
831,16,18,950.0,9,2021,2021-09-18
832,17,18,935.0,9,2021,2021-09-18
833,18,18,929.1,9,2021,2021-09-18
834,19,18,900.0,9,2021,2021-09-18
835,20,18,900.0,9,2021,2021-09-18
836,21,18,900.0,9,2021,2021-09-18
837,22,18,850.0,9,2021,2021-09-18
838,23,18,850.0,9,2021,2021-09-18
839,24,18,850.0,9,2021,2021-09-18
840,25,18,850.0,9,2021,2021-09-18
841,26,18,850.0,9,2021,2021-09-18
842,27,18,900.0,9,2021,2021-09-18
843,28,18,917.0,9,2021,2021-09-18
844,29,18,917.0,9,2021,2021-09-18
845,30,18,917.0,9,2021,2021-09-18
846,31,18,938.0,9,2021,2021-09-18
847,32,18,954.5,9,2021,2021-09-18
848,33,18,1000.0,9,2021,2021-09-18
849,34,18,1072.0,9,2021,2021-09-18
850,35,18,1170.0,9,2021,2021-09-18
851,36,18,1300.0,9,2021,2021-09-18
852,37,18,1322.0,9,2021,2021-09-18
853,38,18,1322.0,9,2021,2021-09-18
854,39,18,1170.0,9,2021,2021-09-18
855,40,18,1024.2,9,2021,2021-09-18
856,41,18,1170.0,9,2021,2021-09-18
857,42,18,1170.0,9,2021,2021-09-18
858,43,18,1322.0,9,2021,2021-09-18
859,44,18,1322.0,9,2021,2021-09-18
860,45,18,1170.0,9,2021,2021-09-18
861,46,18,1170.0,9,2021,2021-09-18
862,47,18,1170.0,9,2021,2021-09-18
863,48,18,960.0,9,2021,2021-09-18
864,1,19,964.6,9,2021,2021-09-19
865,2,19,961.0,9,2021,2021-09-19
866,3,19,950.0,9,2021,2021-09-19
867,4,19,935.0,9,2021,2021-09-19
868,5,19,929.1,9,2021,2021-09-19
869,6,19,929.1,9,2021,2021-09-19
870,7,19,929.1,9,2021,2021-09-19
871,8,19,929.1,9,2021,2021-09-19
872,9,19,935.0,9,2021,2021-09-19
873,10,19,938.0,9,2021,2021-09-19
874,11,19,935.0,9,2021,2021-09-19
875,12,19,935.0,9,2021,2021-09-19
876,13,19,940.1,9,2021,2021-09-19
877,14,19,940.1,9,2021,2021-09-19
878,15,19,940.1,9,2021,2021-09-19
879,16,19,938.0,9,2021,2021-09-19
880,17,19,935.0,9,2021,2021-09-19
881,18,19,935.0,9,2021,2021-09-19
882,19,19,929.1,9,2021,2021-09-19
883,20,19,929.1,9,2021,2021-09-19
884,21,19,900.0,9,2021,2021-09-19
885,22,19,892.1,9,2021,2021-09-19
886,23,19,850.0,9,2021,2021-09-19
887,24,19,850.0,9,2021,2021-09-19
888,25,19,800.0,9,2021,2021-09-19
889,26,19,850.0,9,2021,2021-09-19
890,27,19,850.0,9,2021,2021-09-19
891,28,19,850.0,9,2021,2021-09-19
892,29,19,850.0,9,2021,2021-09-19
893,30,19,917.0,9,2021,2021-09-19
894,31,19,920.0,9,2021,2021-09-19
895,32,19,940.1,9,2021,2021-09-19
896,33,19,954.5,9,2021,2021-09-19
897,34,19,938.0,9,2021,2021-09-19
898,35,19,961.0,9,2021,2021-09-19
899,36,19,1170.0,9,2021,2021-09-19
900,37,19,1170.0,9,2021,2021-09-19
901,38,19,1079.4,9,2021,2021-09-19
902,39,19,962.0,9,2021,2021-09-19
903,40,19,950.0,9,2021,2021-09-19
904,41,19,938.0,9,2021,2021-09-19
905,42,19,950.0,9,2021,2021-09-19
906,43,19,986.5,9,2021,2021-09-19
907,44,19,1024.2,9,2021,2021-09-19
908,45,19,999.0,9,2021,2021-09-19
909,46,19,999.0,9,2021,2021-09-19
910,47,19,962.0,9,2021,2021-09-19
911,48,19,950.0,9,2021,2021-09-19
912,1,20,962.0,9,2021,2021-09-20
913,2,20,954.5,9,2021,2021-09-20
914,3,20,940.1,9,2021,2021-09-20
915,4,20,935.0,9,2021,2021-09-20
916,5,20,929.1,9,2021,2021-09-20
917,6,20,938.0,9,2021,2021-09-20
918,7,20,935.0,9,2021,2021-09-20
919,8,20,935.0,9,2021,2021-09-20
920,9,20,935.0,9,2021,2021-09-20
921,10,20,929.1,9,2021,2021-09-20
922,11,20,935.0,9,2021,2021-09-20
923,12,20,938.0,9,2021,2021-09-20
924,13,20,950.0,9,2021,2021-09-20
925,14,20,938.0,9,2021,2021-09-20
926,15,20,917.0,9,2021,2021-09-20
927,16,20,892.1,9,2021,2021-09-20
928,17,20,810.0,9,2021,2021-09-20
929,18,20,810.0,9,2021,2021-09-20
930,19,20,500.0,9,2021,2021-09-20
931,20,20,400.0,9,2021,2021-09-20
932,21,20,500.0,9,2021,2021-09-20
933,22,20,810.0,9,2021,2021-09-20
934,23,20,810.0,9,2021,2021-09-20
935,24,20,715.0,9,2021,2021-09-20
936,25,20,810.0,9,2021,2021-09-20
937,26,20,810.0,9,2021,2021-09-20
938,27,20,850.0,9,2021,2021-09-20
939,28,20,850.0,9,2021,2021-09-20
940,29,20,890.2,9,2021,2021-09-20
941,30,20,899.1,9,2021,2021-09-20
942,31,20,917.0,9,2021,2021-09-20
943,32,20,935.0,9,2021,2021-09-20
944,33,20,962.0,9,2021,2021-09-20
945,34,20,954.5,9,2021,2021-09-20
946,35,20,1000.0,9,2021,2021-09-20
947,36,20,1079.4,9,2021,2021-09-20
948,37,20,1079.4,9,2021,2021-09-20
949,38,20,1170.0,9,2021,2021-09-20
950,39,20,1024.2,9,2021,2021-09-20
951,40,20,958.0,9,2021,2021-09-20
952,41,20,999.0,9,2021,2021-09-20
953,42,20,986.5,9,2021,2021-09-20
954,43,20,962.0,9,2021,2021-09-20
955,44,20,950.0,9,2021,2021-09-20
956,45,20,950.0,9,2021,2021-09-20
957,46,20,938.0,9,2021,2021-09-20
958,47,20,950.0,9,2021,2021-09-20
959,48,20,950.0,9,2021,2021-09-20
960,1,21,955.0,9,2021,2021-09-21
961,2,21,954.5,9,2021,2021-09-21
962,3,21,950.0,9,2021,2021-09-21
963,4,21,940.1,9,2021,2021-09-21
964,5,21,929.1,9,2021,2021-09-21
965,6,21,929.1,9,2021,2021-09-21
966,7,21,929.1,9,2021,2021-09-21
967,8,21,929.1,9,2021,2021-09-21
968,9,21,929.1,9,2021,2021-09-21
969,10,21,929.1,9,2021,2021-09-21
970,11,21,929.1,9,2021,2021-09-21
971,12,21,929.1,9,2021,2021-09-21
972,13,21,940.1,9,2021,2021-09-21
973,14,21,940.1,9,2021,2021-09-21
974,15,21,950.0,9,2021,2021-09-21
975,16,21,929.1,9,2021,2021-09-21
976,17,21,890.0,9,2021,2021-09-21
977,18,21,850.0,9,2021,2021-09-21
978,19,21,850.0,9,2021,2021-09-21
979,20,21,850.0,9,2021,2021-09-21
980,21,21,850.0,9,2021,2021-09-21
981,22,21,850.0,9,2021,2021-09-21
982,23,21,850.0,9,2021,2021-09-21
983,24,21,850.0,9,2021,2021-09-21
984,25,21,850.0,9,2021,2021-09-21
985,26,21,850.0,9,2021,2021-09-21
986,27,21,850.0,9,2021,2021-09-21
987,28,21,850.0,9,2021,2021-09-21
988,29,21,850.0,9,2021,2021-09-21
989,30,21,850.0,9,2021,2021-09-21
990,31,21,890.0,9,2021,2021-09-21
991,32,21,954.5,9,2021,2021-09-21
992,33,21,950.0,9,2021,2021-09-21
993,34,21,1000.0,9,2021,2021-09-21
994,35,21,1266.0,9,2021,2021-09-21
995,36,21,1365.4,9,2021,2021-09-21
996,37,21,1365.4,9,2021,2021-09-21
997,38,21,1365.4,9,2021,2021-09-21
998,39,21,1365.4,9,2021,2021-09-21
999,40,21,1357.8,9,2021,2021-09-21
1000,41,21,1266.0,9,2021,2021-09-21
1001,42,21,1503.5,9,2021,2021-09-21
1002,43,21,1503.5,9,2021,2021-09-21
1003,44,21,1503.5,9,2021,2021-09-21
1004,45,21,1365.4,9,2021,2021-09-21
1005,46,21,1199.0,9,2021,2021-09-21
1006,47,21,1199.0,9,2021,2021-09-21
1007,48,21,1024.2,9,2021,2021-09-21
1008,1,22,1062.8,9,2021,2021-09-22
1009,2,22,1062.8,9,2021,2021-09-22
1010,3,22,958.0,9,2021,2021-09-22
1011,4,22,958.0,9,2021,2021-09-22
1012,5,22,958.0,9,2021,2021-09-22
1013,6,22,958.0,9,2021,2021-09-22
1014,7,22,955.0,9,2021,2021-09-22
1015,8,22,955.0,9,2021,2021-09-22
1016,9,22,958.0,9,2021,2021-09-22
1017,10,22,958.0,9,2021,2021-09-22
1018,11,22,962.0,9,2021,2021-09-22
1019,12,22,1100.0,9,2021,2021-09-22
1020,13,22,1100.0,9,2021,2021-09-22
1021,14,22,958.0,9,2021,2021-09-22
1022,15,22,955.0,9,2021,2021-09-22
1023,16,22,930.0,9,2021,2021-09-22
1024,17,22,890.0,9,2021,2021-09-22
1025,18,22,890.0,9,2021,2021-09-22
1026,19,22,884.3,9,2021,2021-09-22
1027,20,22,884.3,9,2021,2021-09-22
1028,21,22,884.3,9,2021,2021-09-22
1029,22,22,884.3,9,2021,2021-09-22
1030,23,22,884.3,9,2021,2021-09-22
1031,24,22,884.3,9,2021,2021-09-22
1032,25,22,890.0,9,2021,2021-09-22
1033,26,22,890.0,9,2021,2021-09-22
1034,27,22,890.2,9,2021,2021-09-22
1035,28,22,890.0,9,2021,2021-09-22
1036,29,22,900.0,9,2021,2021-09-22
1037,30,22,917.0,9,2021,2021-09-22
1038,31,22,955.0,9,2021,2021-09-22
1039,32,22,958.0,9,2021,2021-09-22
1040,33,22,958.0,9,2021,2021-09-22
1041,34,22,1200.0,9,2021,2021-09-22
1042,35,22,1266.0,9,2021,2021-09-22
1043,36,22,1266.0,9,2021,2021-09-22
1044,37,22,1365.4,9,2021,2021-09-22
1045,38,22,1365.4,9,2021,2021-09-22
1046,39,22,1357.8,9,2021,2021-09-22
1047,40,22,1357.8,9,2021,2021-09-22
1048,41,22,1266.0,9,2021,2021-09-22
1049,42,22,1266.0,9,2021,2021-09-22
1050,43,22,1266.0,9,2021,2021-09-22
1051,44,22,1199.0,9,2021,2021-09-22
1052,45,22,1170.0,9,2021,2021-09-22
1053,46,22,1170.0,9,2021,2021-09-22
1054,47,22,955.0,9,2021,2021-09-22
1055,48,22,940.1,9,2021,2021-09-22
1056,1,23,950.0,9,2021,2021-09-23
1057,2,23,940.0,9,2021,2021-09-23
1058,3,23,940.0,9,2021,2021-09-23
1059,4,23,940.0,9,2021,2021-09-23
1060,5,23,930.0,9,2021,2021-09-23
1061,6,23,929.1,9,2021,2021-09-23
1062,7,23,929.1,9,2021,2021-09-23
1063,8,23,929.1,9,2021,2021-09-23
1064,9,23,929.1,9,2021,2021-09-23
1065,10,23,929.1,9,2021,2021-09-23
1066,11,23,940.0,9,2021,2021-09-23
1067,12,23,955.0,9,2021,2021-09-23
1068,13,23,958.0,9,2021,2021-09-23
1069,14,23,958.0,9,2021,2021-09-23
1070,15,23,958.0,9,2021,2021-09-23
1071,16,23,958.0,9,2021,2021-09-23
1072,17,23,950.0,9,2021,2021-09-23
1073,18,23,940.0,9,2021,2021-09-23
1074,19,23,917.0,9,2021,2021-09-23
1075,20,23,917.0,9,2021,2021-09-23
1076,21,23,917.0,9,2021,2021-09-23
1077,22,23,900.0,9,2021,2021-09-23
1078,23,23,900.0,9,2021,2021-09-23
1079,24,23,900.0,9,2021,2021-09-23
1080,25,23,892.6,9,2021,2021-09-23
1081,26,23,892.6,9,2021,2021-09-23
1082,27,23,892.6,9,2021,2021-09-23
1083,28,23,917.0,9,2021,2021-09-23
1084,29,23,940.0,9,2021,2021-09-23
1085,30,23,950.0,9,2021,2021-09-23
1086,31,23,955.0,9,2021,2021-09-23
1087,32,23,1062.8,9,2021,2021-09-23
1088,33,23,1062.8,9,2021,2021-09-23
1089,34,23,1365.4,9,2021,2021-09-23
1090,35,23,1365.4,9,2021,2021-09-23
1091,36,23,1500.0,9,2021,2021-09-23
1092,37,23,1503.5,9,2021,2021-09-23
1093,38,23,1503.5,9,2021,2021-09-23
1094,39,23,1365.4,9,2021,2021-09-23
1095,40,23,1266.0,9,2021,2021-09-23
1096,41,23,1266.0,9,2021,2021-09-23
1097,42,23,1266.0,9,2021,2021-09-23
1098,43,23,1266.0,9,2021,2021-09-23
1099,44,23,1170.0,9,2021,2021-09-23
1100,45,23,1024.2,9,2021,2021-09-23
1101,46,23,958.0,9,2021,2021-09-23
1102,47,23,955.0,9,2021,2021-09-23
1103,48,23,950.0,9,2021,2021-09-23
1104,1,24,958.0,9,2021,2021-09-24
1105,2,24,950.0,9,2021,2021-09-24
1106,3,24,950.0,9,2021,2021-09-24
1107,4,24,950.0,9,2021,2021-09-24
1108,5,24,950.0,9,2021,2021-09-24
1109,6,24,945.0,9,2021,2021-09-24
1110,7,24,930.0,9,2021,2021-09-24
1111,8,24,929.1,9,2021,2021-09-24
1112,9,24,929.1,9,2021,2021-09-24
1113,10,24,929.1,9,2021,2021-09-24
1114,11,24,930.0,9,2021,2021-09-24
1115,12,24,945.0,9,2021,2021-09-24
1116,13,24,950.0,9,2021,2021-09-24
1117,14,24,950.0,9,2021,2021-09-24
1118,15,24,950.0,9,2021,2021-09-24
1119,16,24,945.0,9,2021,2021-09-24
1120,17,24,929.1,9,2021,2021-09-24
1121,18,24,917.0,9,2021,2021-09-24
1122,19,24,890.0,9,2021,2021-09-24
1123,20,24,890.0,9,2021,2021-09-24
1124,21,24,900.0,9,2021,2021-09-24
1125,22,24,890.2,9,2021,2021-09-24
1126,23,24,890.0,9,2021,2021-09-24
1127,24,24,890.0,9,2021,2021-09-24
1128,25,24,890.0,9,2021,2021-09-24
1129,26,24,890.0,9,2021,2021-09-24
1130,27,24,890.0,9,2021,2021-09-24
1131,28,24,900.0,9,2021,2021-09-24
1132,29,24,917.0,9,2021,2021-09-24
1133,30,24,945.0,9,2021,2021-09-24
1134,31,24,958.0,9,2021,2021-09-24
1135,32,24,1062.8,9,2021,2021-09-24
1136,33,24,1199.0,9,2021,2021-09-24
1137,34,24,1357.8,9,2021,2021-09-24
1138,35,24,1365.4,9,2021,2021-09-24
1139,36,24,1365.4,9,2021,2021-09-24
1140,37,24,1503.5,9,2021,2021-09-24
1141,38,24,1365.4,9,2021,2021-09-24
1142,39,24,1266.0,9,2021,2021-09-24
1143,40,24,958.0,9,2021,2021-09-24
1144,41,24,954.5,9,2021,2021-09-24
1145,42,24,950.0,9,2021,2021-09-24
1146,43,24,945.0,9,2021,2021-09-24
1147,44,24,940.1,9,2021,2021-09-24
1148,45,24,929.1,9,2021,2021-09-24
1149,46,24,917.0,9,2021,2021-09-24
1150,47,24,917.0,9,2021,2021-09-24
1151,48,24,917.0,9,2021,2021-09-24
1152,1,25,950.0,9,2021,2021-09-25
1153,2,25,929.1,9,2021,2021-09-25
1154,3,25,929.1,9,2021,2021-09-25
1155,4,25,929.1,9,2021,2021-09-25
1156,5,25,917.0,9,2021,2021-09-25
1157,6,25,917.0,9,2021,2021-09-25
1158,7,25,917.0,9,2021,2021-09-25
1159,8,25,917.0,9,2021,2021-09-25
1160,9,25,917.0,9,2021,2021-09-25
1161,10,25,917.0,9,2021,2021-09-25
1162,11,25,917.0,9,2021,2021-09-25
1163,12,25,929.1,9,2021,2021-09-25
1164,13,25,917.0,9,2021,2021-09-25
1165,14,25,917.0,9,2021,2021-09-25
1166,15,25,917.0,9,2021,2021-09-25
1167,16,25,890.0,9,2021,2021-09-25
1168,17,25,890.0,9,2021,2021-09-25
1169,18,25,884.3,9,2021,2021-09-25
1170,19,25,884.3,9,2021,2021-09-25
1171,20,25,891.7,9,2021,2021-09-25
1172,21,25,900.0,9,2021,2021-09-25
1173,22,25,891.7,9,2021,2021-09-25
1174,23,25,899.1,9,2021,2021-09-25
1175,24,25,890.0,9,2021,2021-09-25
1176,25,25,884.3,9,2021,2021-09-25
1177,26,25,884.3,9,2021,2021-09-25
1178,27,25,884.3,9,2021,2021-09-25
1179,28,25,850.0,9,2021,2021-09-25
1180,29,25,890.0,9,2021,2021-09-25
1181,30,25,929.1,9,2021,2021-09-25
1182,31,25,954.0,9,2021,2021-09-25
1183,32,25,950.0,9,2021,2021-09-25
1184,33,25,954.0,9,2021,2021-09-25
1185,34,25,962.0,9,2021,2021-09-25
1186,35,25,1170.0,9,2021,2021-09-25
1187,36,25,1357.8,9,2021,2021-09-25
1188,37,25,1365.4,9,2021,2021-09-25
1189,38,25,1365.4,9,2021,2021-09-25
1190,39,25,1100.0,9,2021,2021-09-25
1191,40,25,954.0,9,2021,2021-09-25
1192,41,25,954.0,9,2021,2021-09-25
1193,42,25,954.0,9,2021,2021-09-25
1194,43,25,954.0,9,2021,2021-09-25
1195,44,25,950.0,9,2021,2021-09-25
1196,45,25,950.0,9,2021,2021-09-25
1197,46,25,950.0,9,2021,2021-09-25
1198,47,25,917.0,9,2021,2021-09-25
1199,48,25,917.0,9,2021,2021-09-25
1200,1,26,929.1,9,2021,2021-09-26
1201,2,26,929.1,9,2021,2021-09-26
1202,3,26,929.0,9,2021,2021-09-26
1203,4,26,917.0,9,2021,2021-09-26
1204,5,26,917.0,9,2021,2021-09-26
1205,6,26,917.0,9,2021,2021-09-26
1206,7,26,917.0,9,2021,2021-09-26
1207,8,26,917.0,9,2021,2021-09-26
1208,9,26,917.0,9,2021,2021-09-26
1209,10,26,917.0,9,2021,2021-09-26
1210,11,26,917.0,9,2021,2021-09-26
1211,12,26,917.0,9,2021,2021-09-26
1212,13,26,917.0,9,2021,2021-09-26
1213,14,26,890.0,9,2021,2021-09-26
1214,15,26,884.3,9,2021,2021-09-26
1215,16,26,1.0,9,2021,2021-09-26
1216,17,26,1.0,9,2021,2021-09-26
1217,18,26,1.0,9,2021,2021-09-26
1218,19,26,884.3,9,2021,2021-09-26
1219,20,26,890.0,9,2021,2021-09-26
1220,21,26,900.0,9,2021,2021-09-26
1221,22,26,917.0,9,2021,2021-09-26
1222,23,26,900.0,9,2021,2021-09-26
1223,24,26,890.0,9,2021,2021-09-26
1224,25,26,884.3,9,2021,2021-09-26
1225,26,26,884.3,9,2021,2021-09-26
1226,27,26,884.3,9,2021,2021-09-26
1227,28,26,850.0,9,2021,2021-09-26
1228,29,26,850.0,9,2021,2021-09-26
1229,30,26,899.1,9,2021,2021-09-26
1230,31,26,917.0,9,2021,2021-09-26
1231,32,26,917.0,9,2021,2021-09-26
1232,33,26,950.0,9,2021,2021-09-26
1233,34,26,955.0,9,2021,2021-09-26
1234,35,26,961.0,9,2021,2021-09-26
1235,36,26,962.0,9,2021,2021-09-26
1236,37,26,1024.2,9,2021,2021-09-26
1237,38,26,1266.0,9,2021,2021-09-26
1238,39,26,962.0,9,2021,2021-09-26
1239,40,26,961.0,9,2021,2021-09-26
1240,41,26,955.0,9,2021,2021-09-26
1241,42,26,961.0,9,2021,2021-09-26
1242,43,26,955.0,9,2021,2021-09-26
1243,44,26,955.0,9,2021,2021-09-26
1244,45,26,954.5,9,2021,2021-09-26
1245,46,26,929.1,9,2021,2021-09-26
1246,47,26,929.1,9,2021,2021-09-26
1247,48,26,917.0,9,2021,2021-09-26
1248,1,27,929.1,9,2021,2021-09-27
1249,2,27,929.1,9,2021,2021-09-27
1250,3,27,900.0,9,2021,2021-09-27
1251,4,27,900.0,9,2021,2021-09-27
1252,5,27,900.0,9,2021,2021-09-27
1253,6,27,900.0,9,2021,2021-09-27
1254,7,27,900.0,9,2021,2021-09-27
1255,8,27,890.0,9,2021,2021-09-27
1256,9,27,890.0,9,2021,2021-09-27
1257,10,27,890.0,9,2021,2021-09-27
1258,11,27,899.1,9,2021,2021-09-27
1259,12,27,890.0,9,2021,2021-09-27
1260,13,27,929.1,9,2021,2021-09-27
1261,14,27,929.1,9,2021,2021-09-27
1262,15,27,900.0,9,2021,2021-09-27
1263,16,27,917.0,9,2021,2021-09-27
1264,17,27,900.0,9,2021,2021-09-27
1265,18,27,900.0,9,2021,2021-09-27
1266,19,27,899.1,9,2021,2021-09-27
1267,20,27,900.0,9,2021,2021-09-27
1268,21,27,900.0,9,2021,2021-09-27
1269,22,27,917.0,9,2021,2021-09-27
1270,23,27,917.0,9,2021,2021-09-27
1271,24,27,900.0,9,2021,2021-09-27
1272,25,27,900.0,9,2021,2021-09-27
1273,26,27,890.2,9,2021,2021-09-27
1274,27,27,890.0,9,2021,2021-09-27
1275,28,27,890.0,9,2021,2021-09-27
1276,29,27,900.0,9,2021,2021-09-27
1277,30,27,917.0,9,2021,2021-09-27
1278,31,27,929.1,9,2021,2021-09-27
1279,32,27,958.0,9,2021,2021-09-27
1280,33,27,962.0,9,2021,2021-09-27
1281,34,27,958.0,9,2021,2021-09-27
1282,35,27,962.0,9,2021,2021-09-27
1283,36,27,999.0,9,2021,2021-09-27
1284,37,27,1170.0,9,2021,2021-09-27
1285,38,27,1365.4,9,2021,2021-09-27
1286,39,27,962.0,9,2021,2021-09-27
1287,40,27,999.0,9,2021,2021-09-27
1288,41,27,1170.0,9,2021,2021-09-27
1289,42,27,1357.8,9,2021,2021-09-27
1290,43,27,1357.8,9,2021,2021-09-27
1291,44,27,1170.0,9,2021,2021-09-27
1292,45,27,999.0,9,2021,2021-09-27
1293,46,27,962.0,9,2021,2021-09-27
1294,47,27,955.0,9,2021,2021-09-27
1295,48,27,929.1,9,2021,2021-09-27
1296,1,28,955.0,9,2021,2021-09-28
1297,2,28,950.0,9,2021,2021-09-28
1298,3,28,955.0,9,2021,2021-09-28
1299,4,28,929.1,9,2021,2021-09-28
1300,5,28,929.1,9,2021,2021-09-28
1301,6,28,929.1,9,2021,2021-09-28
1302,7,28,929.1,9,2021,2021-09-28
1303,8,28,929.1,9,2021,2021-09-28
1304,9,28,929.1,9,2021,2021-09-28
1305,10,28,929.1,9,2021,2021-09-28
1306,11,28,929.1,9,2021,2021-09-28
1307,12,28,955.0,9,2021,2021-09-28
1308,13,28,955.0,9,2021,2021-09-28
1309,14,28,940.1,9,2021,2021-09-28
1310,15,28,929.1,9,2021,2021-09-28
1311,16,28,917.0,9,2021,2021-09-28
1312,17,28,890.0,9,2021,2021-09-28
1313,18,28,890.0,9,2021,2021-09-28
1314,19,28,884.3,9,2021,2021-09-28
1315,20,28,890.0,9,2021,2021-09-28
1316,21,28,917.0,9,2021,2021-09-28
1317,22,28,917.0,9,2021,2021-09-28
1318,23,28,917.0,9,2021,2021-09-28
1319,24,28,917.0,9,2021,2021-09-28
1320,25,28,917.0,9,2021,2021-09-28
1321,26,28,917.0,9,2021,2021-09-28
1322,27,28,917.0,9,2021,2021-09-28
1323,28,28,917.0,9,2021,2021-09-28
1324,29,28,917.0,9,2021,2021-09-28
1325,30,28,929.1,9,2021,2021-09-28
1326,31,28,955.0,9,2021,2021-09-28
1327,32,28,958.0,9,2021,2021-09-28
1328,33,28,999.0,9,2021,2021-09-28
1329,34,28,1000.0,9,2021,2021-09-28
1330,35,28,1365.4,9,2021,2021-09-28
1331,36,28,1503.5,9,2021,2021-09-28
1332,37,28,1503.5,9,2021,2021-09-28
1333,38,28,1503.5,9,2021,2021-09-28
1334,39,28,1503.5,9,2021,2021-09-28
1335,40,28,1365.4,9,2021,2021-09-28
1336,41,28,1503.5,9,2021,2021-09-28
1337,42,28,1503.5,9,2021,2021-09-28
1338,43,28,1365.4,9,2021,2021-09-28
1339,44,28,1357.8,9,2021,2021-09-28
1340,45,28,1199.0,9,2021,2021-09-28
1341,46,28,1170.0,9,2021,2021-09-28
1342,47,28,1024.2,9,2021,2021-09-28
1343,48,28,1000.0,9,2021,2021-09-28
1344,1,29,1024.2,9,2021,2021-09-29
1345,2,29,1000.0,9,2021,2021-09-29
1346,3,29,1000.0,9,2021,2021-09-29
1347,4,29,986.5,9,2021,2021-09-29
1348,5,29,962.0,9,2021,2021-09-29
1349,6,29,962.0,9,2021,2021-09-29
1350,7,29,962.0,9,2021,2021-09-29
1351,8,29,962.0,9,2021,2021-09-29
1352,9,29,962.0,9,2021,2021-09-29
1353,10,29,962.0,9,2021,2021-09-29
1354,11,29,962.0,9,2021,2021-09-29
1355,12,29,986.5,9,2021,2021-09-29
1356,13,29,986.5,9,2021,2021-09-29
1357,14,29,962.0,9,2021,2021-09-29
1358,15,29,959.0,9,2021,2021-09-29
1359,16,29,950.0,9,2021,2021-09-29
1360,17,29,929.1,9,2021,2021-09-29
1361,18,29,929.1,9,2021,2021-09-29
1362,19,29,950.0,9,2021,2021-09-29
1363,20,29,940.1,9,2021,2021-09-29
1364,21,29,950.0,9,2021,2021-09-29
1365,22,29,950.0,9,2021,2021-09-29
1366,23,29,929.1,9,2021,2021-09-29
1367,24,29,929.1,9,2021,2021-09-29
1368,25,29,917.0,9,2021,2021-09-29
1369,26,29,917.0,9,2021,2021-09-29
1370,27,29,950.0,9,2021,2021-09-29
1371,28,29,950.0,9,2021,2021-09-29
1372,29,29,950.0,9,2021,2021-09-29
1373,30,29,958.0,9,2021,2021-09-29
1374,31,29,962.0,9,2021,2021-09-29
1375,32,29,959.0,9,2021,2021-09-29
1376,33,29,986.5,9,2021,2021-09-29
1377,34,29,986.5,9,2021,2021-09-29
1378,35,29,1170.0,9,2021,2021-09-29
1379,36,29,1266.0,9,2021,2021-09-29
1380,37,29,1357.8,9,2021,2021-09-29
1381,38,29,1365.4,9,2021,2021-09-29
1382,39,29,1365.4,9,2021,2021-09-29
1383,40,29,1365.4,9,2021,2021-09-29
1384,41,29,1365.4,9,2021,2021-09-29
1385,42,29,1365.4,9,2021,2021-09-29
1386,43,29,1365.4,9,2021,2021-09-29
1387,44,29,1266.0,9,2021,2021-09-29
1388,45,29,1024.2,9,2021,2021-09-29
1389,46,29,1170.0,9,2021,2021-09-29
1390,47,29,1000.0,9,2021,2021-09-29
1391,48,29,986.5,9,2021,2021-09-29
1392,1,30,1199.0,9,2021,2021-09-30
1393,2,30,1170.0,9,2021,2021-09-30
1394,3,30,1024.2,9,2021,2021-09-30
1395,4,30,1024.2,9,2021,2021-09-30
1396,5,30,1000.0,9,2021,2021-09-30
1397,6,30,1000.0,9,2021,2021-09-30
1398,7,30,986.5,9,2021,2021-09-30
1399,8,30,1000.0,9,2021,2021-09-30
1400,9,30,1000.0,9,2021,2021-09-30
1401,10,30,1024.2,9,2021,2021-09-30
1402,11,30,1024.2,9,2021,2021-09-30
1403,12,30,1170.0,9,2021,2021-09-30
1404,13,30,1024.2,9,2021,2021-09-30
1405,14,30,986.5,9,2021,2021-09-30
1406,15,30,958.0,9,2021,2021-09-30
1407,16,30,958.0,9,2021,2021-09-30
1408,17,30,929.1,9,2021,2021-09-30
1409,18,30,900.0,9,2021,2021-09-30
1410,19,30,900.0,9,2021,2021-09-30
1411,20,30,900.0,9,2021,2021-09-30
1412,21,30,900.0,9,2021,2021-09-30
1413,22,30,900.0,9,2021,2021-09-30
1414,23,30,900.0,9,2021,2021-09-30
1415,24,30,900.0,9,2021,2021-09-30
1416,25,30,900.0,9,2021,2021-09-30
1417,26,30,900.0,9,2021,2021-09-30
1418,27,30,900.0,9,2021,2021-09-30
1419,28,30,900.0,9,2021,2021-09-30
1420,29,30,900.0,9,2021,2021-09-30
1421,30,30,917.0,9,2021,2021-09-30
1422,31,30,955.0,9,2021,2021-09-30
1423,32,30,958.0,9,2021,2021-09-30
1424,33,30,962.0,9,2021,2021-09-30
1425,34,30,1010.0,9,2021,2021-09-30
1426,35,30,1024.2,9,2021,2021-09-30
1427,36,30,1170.0,9,2021,2021-09-30
1428,37,30,1357.8,9,2021,2021-09-30
1429,38,30,1266.0,9,2021,2021-09-30
1430,39,30,1024.2,9,2021,2021-09-30
1431,40,30,1024.2,9,2021,2021-09-30
1432,41,30,1024.2,9,2021,2021-09-30
1433,42,30,1170.0,9,2021,2021-09-30
1434,43,30,1170.0,9,2021,2021-09-30
1435,44,30,1024.2,9,2021,2021-09-30
1436,45,30,1000.0,9,2021,2021-09-30
1437,46,30,1000.0,9,2021,2021-09-30
1438,47,30,962.0,9,2021,2021-09-30
1439,48,30,962.0,9,2021,2021-09-30
