datetime,SMP,Temperature,Wind Speed,Visibility,Cloud Cover,phuTai,giaBien
11/1/2021 0:00,1,26,12.9,10,50,21367,130
11/1/2021 0:30,1,26,11,9.9,50,21367,128
11/1/2021 1:00,1,25.6,7.2,15.2,88.4,20926,127
11/1/2021 1:30,1,25.9,12.8,9.9,86.6,20926,126
11/1/2021 2:00,1,26,12.9,10,88.4,20813,126
11/1/2021 2:30,1,25.9,12.7,9.9,86.6,20813,125
11/1/2021 3:00,1,26,11.1,10,88.4,21066,126
11/1/2021 3:30,1,26,11,9.9,86.6,21066,126
11/1/2021 4:00,1,25.4,8.1,15.2,88.4,21829,127
11/1/2021 4:30,1,26,12.8,9.9,86.6,21829,128
11/1/2021 5:00,1,26,11.2,10,88.4,23779,132
11/1/2021 5:30,1,26,9.4,9.9,86.6,23779,135
11/1/2021 6:00,750,26,11.1,8,88.4,25887,139
11/1/2021 6:30,1,26,11,8.1,86.6,25887,142
11/1/2021 7:00,1,25.8,8,15.3,88.4,30145,151
11/1/2021 7:30,1,26,11,10,86.6,30145,160
11/1/2021 8:00,1,26,11.2,10,88.4,31651,163
11/1/2021 8:30,1,27,11.1,10,86.6,31651,999
11/1/2021 9:00,1,27,12.9,10,88.4,31877,166
11/1/2021 9:30,1,27,14.8,10,86.6,31877,1188
11/1/2021 10:00,1,28,10.8,15.3,88.4,32271,166
11/1/2021 10:30,1,27.9,14.8,9.9,86.6,32271,165
11/1/2021 11:00,1,29,16.6,10,88.4,30312,158
11/1/2021 11:30,1,28,18.2,9.9,50,30312,151
11/1/2021 12:00,1,29,16.5,10,50,31491,154
11/1/2021 12:30,1,29,18.2,9.9,50,31491,158
11/1/2021 13:00,1,28.1,10.8,15.2,71,33354,162
11/1/2021 13:30,1,28,14.9,10,50,33354,167
11/1/2021 14:00,1,28,14.8,10,49.6,33154,168
11/1/2021 14:30,1,28,16.7,10,50,33154,170
11/1/2021 15:00,1,28,16.5,10,88.4,34736,171
11/1/2021 15:30,810,27,14.6,10,86.6,34736,173
11/1/2021 16:00,880,26.9,12.6,15.3,88.4,35344,1553
11/1/2021 16:30,952,27,11,10,86.6,35344,1553
11/1/2021 17:00,1018.1,27,11.1,10,89.1,35905,1631
11/1/2021 17:30,1342,26,9.2,8,88,35905,1682
11/1/2021 18:00,1037.7,26,9.3,8,88.4,32582,1212
11/1/2021 18:30,900,26,7.6,8,86.6,32582,165
11/1/2021 19:00,850,25,4.5,15.2,88.4,30820,163
11/1/2021 19:30,800,26,9.1,7,86.6,30820,160
11/1/2021 20:00,800,25,1.8,10,88.4,30212,1159
11/1/2021 20:30,1,26,3.5,6.1,86.6,30212,1157
11/1/2021 21:00,1,25,5.3,6,88.4,28587,1153
11/1/2021 21:30,1,24,9.1,5,86.6,28587,1149
11/1/2021 22:00,1,23.9,9.2,8.1,88.4,26847,1391
11/1/2021 22:30,1,24,5.3,5.1,86.6,26847,1142
11/1/2021 23:00,1,24,5.4,7,88.4,25306,138
11/1/2021 23:30,1,24,5.3,8,86.6,25306,134
11/2/2021 0:00,1,24,5.3,8,88.4,24464,130
11/2/2021 0:30,1,24,7.4,8,86.6,24464,128
11/2/2021 1:00,1,23.6,5.3,8.6,88.4,24107,127
11/2/2021 1:30,1,23,5.5,6,86.6,24107,126
11/2/2021 2:00,1,23,5.4,6,88.4,23749,126
11/2/2021 2:30,1,23,5.3,6,86.6,23749,125
11/2/2021 3:00,1,23,7.5,6,88.4,24209,126
11/2/2021 3:30,1,23,3.7,6,86.6,24209,126
11/2/2021 4:00,1,22.9,2,8.6,88.4,24881,127
11/2/2021 4:30,1,23,3.5,7,86.6,24881,128
11/2/2021 5:00,1,23,3.6,7,88.4,25779,132
11/2/2021 5:30,1,23,3.5,6,50,25779,135
11/2/2021 6:00,1,23,5.4,6,50,27242,139
11/2/2021 6:30,1,23,5.3,6,50,27242,142
11/2/2021 7:00,1,23.5,1.8,13.8,71,31109,151
11/2/2021 7:30,1,24,3.5,7,50,31109,994
11/2/2021 8:00,1,24.1,3.5,8,50,32373,997
11/2/2021 8:30,1,26,3.6,9.9,50,32373,999
11/2/2021 9:00,1,27,9.3,10,50,32142,166
11/2/2021 9:30,1,27,9.2,9.9,50,32142,167
11/2/2021 10:00,1,27.3,9,15.2,71,32597,166
11/2/2021 10:30,1,27,7.6,9.9,50,32597,998
11/2/2021 11:00,1,28,7.6,10,50,30614,158
11/2/2021 11:30,1,28,11.2,10,50,30614,151
11/2/2021 12:00,1,28,11.3,10,50,33057,154
11/2/2021 12:30,1,29,18.3,10,50,33057,158
11/2/2021 13:00,1,29,13.5,15.3,71,33610,162
11/2/2021 13:30,1,27,20.4,10,50,33610,167
11/2/2021 14:00,1,28,14.8,10,49.6,34243,168
11/2/2021 14:30,1,27,14.9,10,49.1,34243,170
11/2/2021 15:00,1,28,13.1,10,49.6,35299,1180
11/2/2021 15:30,850,27,13.1,10,50,35299,1472
11/2/2021 16:00,952,27.1,10,15.3,71,36002,1627
11/2/2021 16:30,1018.1,26.9,12.9,10,50,36002,1627
11/2/2021 17:00,1037.7,27,9.4,10,50,37089,1677
11/2/2021 17:30,1342,26,9.4,10,50,37089,1636
11/2/2021 18:00,1274.3,26,7.6,10,49.6,32826,1301
11/2/2021 18:30,963,26,7.6,10,49.1,32826,1411
11/2/2021 19:00,900,24.5,3.6,15.3,70.6,31060,1265
11/2/2021 19:30,850,25,1.9,10,49.1,31060,1263
11/2/2021 20:00,850,25,3.6,10,49.6,30560,1404
11/2/2021 20:30,880,24,1.8,10,49.1,30560,1166
11/2/2021 21:00,850,23,5.4,10,49.6,29055,1162
11/2/2021 21:30,1,23,5.4,10,49.1,29055,149
11/2/2021 22:00,1,22.8,5.3,15.3,70.6,27205,1154
11/2/2021 22:30,1,23,3.6,9.9,50,27205,142
11/2/2021 23:00,1,24,7.5,10,50,25828,138
11/2/2021 23:30,1,24,7.4,9.9,50,25828,134
11/3/2021 0:00,1,23,7.4,4.1,88.4,24817,130
11/3/2021 0:30,1,23,7.4,4.1,86.6,24817,128
11/3/2021 1:00,1,22.9,5.4,12.9,89.1,24334,127
11/3/2021 1:30,1,22.9,7.5,5,88,24334,126
11/3/2021 2:00,1,23,3.6,6,89.1,24258,126
11/3/2021 2:30,1,22,5.3,6,88,24258,124
11/3/2021 3:00,1,22,5.4,6,89.1,24190,125
11/3/2021 3:30,1,22,5.5,6,88,24190,126
11/3/2021 4:00,1,22.1,7.1,19.6,99.6,24486,127
11/3/2021 4:30,1,22,5.3,5.1,88,24486,128
11/3/2021 5:00,1,22,5.3,5,89.1,25999,132
11/3/2021 5:30,1,22,5.4,5.1,88,25999,135
11/3/2021 6:00,1,22,5.5,5,89.1,27877,139
11/3/2021 6:30,1,22,5.4,6,88,27877,142
11/3/2021 7:00,1,22.5,3.6,13.3,89.1,31350,151
11/3/2021 7:30,1,23,3.6,6,86.6,31350,159
11/3/2021 8:00,1,24,5.4,6,50,32470,162
11/3/2021 8:30,1,24,5.3,9.8,51.4,32470,165
11/3/2021 9:00,1,26,3.6,9.9,50.6,33901,165
11/3/2021 9:30,1,27,7.5,9.9,50,33901,166
11/3/2021 10:00,1,26.7,7.9,15.2,71,34657,165
11/3/2021 10:30,1,27,5.9,10,50,34657,164
11/3/2021 11:00,1,29,13.1,10,50,32199,157
11/3/2021 11:30,1,28,11.5,10,50,32199,150
11/3/2021 12:00,1,29,14.9,10,50,34337,153
11/3/2021 12:30,1,27,15,8.1,50,34337,158
11/3/2021 13:00,1,25.4,7.3,13.4,70.6,35471,162
11/3/2021 13:30,1,25.1,11.4,6.1,49.1,35471,167
11/3/2021 14:00,1,26,18.4,7.1,49.6,35347,168
11/3/2021 14:30,1,26,18.4,7.1,49.1,35347,170
11/3/2021 15:00,1,26,18.4,7.1,50,36127,171
11/3/2021 15:30,800,26,18.5,7,50,36127,1472
11/3/2021 16:00,900,26.4,13.7,13.8,70.6,35592,1802
11/3/2021 16:30,1018.1,26,16.8,7,49.1,35592,1802
11/3/2021 17:00,1037.7,26,13.1,7,49.6,37299,1806
11/3/2021 17:30,1200,26,13.2,7,49.1,37299,1636
11/3/2021 18:00,1342,25,11.3,7,49.6,32470,1199
11/3/2021 18:30,926,25,14.9,7,49.1,32470,1268
11/3/2021 19:00,850,25,10.8,13.8,70.6,30967,163
11/3/2021 19:30,800,25,13,7,49.1,30967,160
11/3/2021 20:00,800,25,13,7,49.6,31194,1161
11/3/2021 20:30,850,26,11.2,7,50,31194,157
11/3/2021 21:00,850,26,9.5,9.9,50,29423,153
11/3/2021 21:30,850,25,9.6,9.9,50,29423,149
11/3/2021 22:00,800,25.2,11.1,15.2,76.3,27744,145
11/3/2021 22:30,800,24.9,10.9,9.9,49.1,27744,1144
11/3/2021 23:00,850,25,7.5,9.9,49.6,26208,138
11/3/2021 23:30,850,24.9,7.3,9.9,49.1,26208,134
11/4/2021 0:00,800,25,7.4,9.9,49.6,25284,130
11/4/2021 0:30,394,24.9,9.2,9.9,86.6,25284,128
11/4/2021 1:00,1,24.8,8.1,15.2,93.7,24784,127
11/4/2021 1:30,1,24,0,7,50,24784,126
11/4/2021 2:00,1,23,11.2,5,88,24570,126
11/4/2021 2:30,1,24.9,7.4,7.9,88,24570,125
11/4/2021 3:00,1,25,7.6,8,89.1,24576,126
11/4/2021 3:30,1,23.9,7.5,5,88,24576,126
11/4/2021 4:00,1,23.1,3.7,9.9,89.9,24931,127
11/4/2021 4:30,1,23.9,16.2,5,88,24931,128
11/4/2021 5:00,1,24,22.1,6,89.1,25884,132
11/4/2021 5:30,200,23,21.7,6,88,25884,135
11/4/2021 6:00,394,23,16.3,6,89.1,27992,139
11/4/2021 6:30,1,22,7.4,6,88,27992,142
11/4/2021 7:00,1,21.9,5.3,8.1,89.1,31458,1017
11/4/2021 7:30,1,23,5.4,3.1,88,31458,1027
11/4/2021 8:00,1,23,7.6,3.1,89.1,33122,1083
11/4/2021 8:30,1,23,7.6,4.1,88,33122,1032
11/4/2021 9:00,1,23,7.6,6,89.1,33995,924
11/4/2021 9:30,1,23,5.7,6,88,33995,1087
11/4/2021 10:00,1,23.5,4.6,13.4,89.1,34070,1197
11/4/2021 10:30,1,24,5.7,6,88,34070,1085
11/4/2021 11:00,1,24,7.7,8,89.1,31569,1024
11/4/2021 11:30,1,24.1,11.3,9,88,31569,151
11/4/2021 12:00,1,24,9.5,9,89.1,33397,154
11/4/2021 12:30,1,25,9.6,9.9,88,33397,886
11/4/2021 13:00,1,24.8,5.8,15.2,89.1,35616,1034
11/4/2021 13:30,1,25,7.9,9.9,88,35616,1039
11/4/2021 14:00,1,25,7.8,9.9,50.6,36705,1143
11/4/2021 14:30,1,25,5.8,9.9,51.4,36705,1090
11/4/2021 15:00,701,26,16.6,8,88,36309,1054
11/4/2021 15:30,850,25,5.8,9,88,36309,1418
11/4/2021 16:00,926,24.8,4.6,15.2,76.9,35085,1672
11/4/2021 16:30,1037.7,25,3.8,8,51.4,35085,1673
11/4/2021 17:00,1037.7,25,5.4,9,89.1,36763,1677
11/4/2021 17:30,1384.4,24,7.6,9.9,88,36763,1811
11/4/2021 18:00,1503.5,24,5.5,10,89.1,33069,1273
11/4/2021 18:30,1018.1,23,7.5,9.9,88,33069,165
11/4/2021 19:00,850,23.2,5.4,15.2,94.3,31876,163
11/4/2021 19:30,850,24,10.9,9.9,88,31876,1614
11/4/2021 20:00,900,24,11.1,6,89.1,31440,1787
11/4/2021 20:30,850,23,14.3,6.1,88,31440,1611
11/4/2021 21:00,850,23,14.5,5.1,89.1,30049,1652
11/4/2021 21:30,850,23,14.2,5.1,88,30049,1529
11/4/2021 22:00,900,22.8,10.6,12.9,94.3,27676,1599
11/4/2021 22:30,850,23,17.8,6.1,88,27676,142
11/4/2021 23:00,850,22,16.3,7,89.1,26525,1241
11/4/2021 23:30,850,23,18,7,88,26525,1137
11/5/2021 0:00,815,22,16.4,4.1,89.1,25686,1133
11/5/2021 0:30,800,22,14.6,5.1,88,25686,128
11/5/2021 1:00,800,22.3,10.6,12.5,94.3,25320,127
11/5/2021 1:30,800,22,14.3,3.2,88,25320,126
11/5/2021 2:00,800,22,14.6,4.1,89.1,25199,126
11/5/2021 2:30,780,22,14.3,4.1,88,25199,126
11/5/2021 3:00,700,22,18.1,4.1,89.1,25255,126
11/5/2021 3:30,780,22,17.7,4.1,88,25255,126
11/5/2021 4:00,800,22.1,14.1,7.2,94.3,25788,127
11/5/2021 4:30,800,22,16,4.1,88,25788,128
11/5/2021 5:00,800,22,18.1,5,89.1,26778,132
11/5/2021 5:30,805,22,17.8,5.1,88,26778,135
11/5/2021 6:00,850,22,16.3,4,89.3,28611,139
11/5/2021 6:30,1,22,16,3.1,88.4,28611,142
11/5/2021 7:00,1,22.4,12.2,12,94.5,31720,1182
11/5/2021 7:30,1,23,17.8,4,88.4,31720,1203
11/5/2021 8:00,1,23,20.2,6,100,33587,1206
11/5/2021 8:30,1,23,20,5,88.4,33587,166
11/5/2021 9:00,1,23,20.3,5,89.3,34729,166
11/5/2021 9:30,1,23,20.1,5,88.4,34729,1210
11/5/2021 10:00,1,23.3,12.3,12.9,94.5,35081,1209
11/5/2021 10:30,1,23,16.1,3.1,88.4,35081,1085
11/5/2021 11:00,1,23,16.4,3,89.3,32509,158
11/5/2021 11:30,1,23,14.6,2.1,88.4,32509,151
11/5/2021 12:00,1,23,12.9,2.1,89.3,33873,154
11/5/2021 12:30,1,23,13.1,2.1,88.4,33873,1189
11/5/2021 13:00,1,22.8,11.5,6.3,94.5,35077,1184
11/5/2021 13:30,1,23,9.3,2.1,88.4,35077,1210
11/5/2021 14:00,1,22,9.4,2.1,89.3,35524,1062
11/5/2021 14:30,700,22,7.6,2.1,88.4,35524,1212
11/5/2021 15:00,800,22,7.7,2.1,89.3,35695,1274
11/5/2021 15:30,900,22,9.8,2.2,88.4,35695,1341
11/5/2021 16:00,963,22.7,10.9,5.7,94.5,35086,1418
11/5/2021 16:30,1150,23,11.4,4.1,88.4,35086,1419
11/5/2021 17:00,1037.7,23,13.1,2.1,89.3,37108,1677
11/5/2021 17:30,1503.5,23,13,3.1,88.4,37108,1811
11/5/2021 18:00,1503.5,23,11.1,3.1,89.3,32970,1627
11/5/2021 18:30,963,22,9.2,2.1,88.4,32970,165
11/5/2021 19:00,900,22.1,6.3,3.1,94.5,31578,1265
11/5/2021 19:30,890.7,22,5.3,3.1,88.4,31578,1163
11/5/2021 20:00,900,22,5.3,2.1,89.3,31149,1612
11/5/2021 20:30,890.7,22,14.4,2.1,88.4,31149,1403
11/5/2021 21:00,900,22,12.7,3,89.3,29318,1398
11/5/2021 21:30,943,22,11,2.1,88.4,29318,1516
11/5/2021 22:00,926,22.1,7.9,6.3,94.5,27900,1599
11/5/2021 22:30,900,22,11,2.1,88.4,27900,1387
11/5/2021 23:00,850,22,12.9,2.1,89.3,26591,138
11/5/2021 23:30,850,22,10.9,2.1,88.4,26591,134
11/6/2021 0:00,850,22,11.1,2.1,89.3,25489,134
11/6/2021 0:30,770,22,13,2.1,88.4,25489,132
11/6/2021 1:00,1,22.1,10.1,3.1,94.5,25369,131
11/6/2021 1:30,1,23,14.8,4.1,88.4,25369,130
11/6/2021 2:00,1,23,9.5,2,89.3,25037,130
11/6/2021 2:30,1,23,3.9,4,88.4,25037,129
11/6/2021 3:00,1,23,7.7,6,89.3,25163,129
11/6/2021 3:30,1,23,7.8,6,88.4,25163,129
11/6/2021 4:00,770,24,9.6,4.1,88.4,25242,130
11/6/2021 4:30,770,24,9.6,6,88.4,25242,130
11/6/2021 5:00,790,24,11.1,8,89.3,26453,1039
11/6/2021 5:30,850,25,16.4,7,88.4,26453,892
11/6/2021 6:00,1,25,13,7,89.1,27800,1004
11/6/2021 6:30,1,25,14.6,7.9,88,27800,1116
11/6/2021 7:00,1,24.5,9.9,11.5,94.3,31221,1341
11/6/2021 7:30,1,25,18,4.1,88,31221,1281
11/6/2021 8:00,1,25,14.8,4,89.3,33163,1283
11/6/2021 8:30,1,26,16.6,4.1,88.4,33163,1205
11/6/2021 9:00,1,25,20.4,4,89.3,34669,1039
11/6/2021 9:30,1,25,14.8,4.1,88,34669,1205
11/6/2021 10:00,1,24.9,12.5,3.5,94.3,34935,1082
11/6/2021 10:30,1,24.1,16.6,2.2,88,34935,1027
11/6/2021 11:00,1,25,14.8,1.1,89.1,33042,155
11/6/2021 11:30,1,25.1,22.4,7,88,33042,961
11/6/2021 12:00,1,25.1,16.7,5,89.1,34052,1073
11/6/2021 12:30,1,25,16.7,6,88,34052,1347
11/6/2021 13:00,1,25.4,16.2,8.1,94.3,35341,1350
11/6/2021 13:30,1,26,16.6,6,88,35341,1353
11/6/2021 14:00,1,26,18.4,6,89.1,35392,1287
11/6/2021 14:30,1,25,22.1,5.9,88,35392,1288
11/6/2021 15:00,850,26,16.6,5.9,89.3,35558,1289
11/6/2021 15:30,926,25,18.4,6.1,88,35558,1283
11/6/2021 16:00,1018.1,24.8,13.5,8.1,94.3,33604,1618
11/6/2021 16:30,1150,25,18.4,4.1,88,33604,1617
11/6/2021 17:00,1150,25,20.5,3.1,89.1,34730,1796
11/6/2021 17:30,1503.5,25,13.2,5,88,34730,1671
11/6/2021 18:00,1503.5,25,24,5,89.1,31441,1544
11/6/2021 18:30,1018.1,24,25.5,4,88,31441,1401
11/6/2021 19:00,900,24.5,11.5,4.9,94.3,30849,154
11/6/2021 19:30,800,25,14.8,6,88,30849,1255
11/6/2021 20:00,900,25,13,6,89.1,30359,1398
11/6/2021 20:30,943,25,16.6,4.1,88,30359,1398
11/6/2021 21:00,1037.7,25,22.3,6,89.1,29332,1603
11/6/2021 21:30,1400,25,18.4,6.1,88,29332,1775
11/6/2021 22:00,1150,25,18.2,8.1,94.3,27693,1597
11/6/2021 22:30,963,26,18.1,6.1,88,27693,1593
11/6/2021 23:00,943,25,16.5,6,89.1,26237,1326
11/6/2021 23:30,926,25,13,6.1,88,26237,1227
11/7/2021 0:00,900,25,9.3,6,89.1,25571,1196
11/7/2021 0:30,900,25,5.6,7,88,25571,1131
11/7/2021 1:00,926,24.6,5.5,8.6,94.3,25087,1149
11/7/2021 1:30,926,26,18,7,88,25087,1101
11/7/2021 2:00,900.5,25,9.4,8,88,24967,1101
11/7/2021 2:30,926,24,7.6,6.1,88,24967,1147
11/7/2021 3:00,900,23,5.5,6,89.1,24786,1147
11/7/2021 3:30,900,23,5.4,6,88,24786,1128
11/7/2021 4:00,900,22.9,5.4,8.1,94.3,24653,1190
11/7/2021 4:30,900,23,5.3,6,88,24653,1179
11/7/2021 5:00,900,23,3.6,6,89.1,24429,1127
11/7/2021 5:30,900,23,3.7,6,88,24429,1167
11/7/2021 6:00,900,23,5.4,6,89.1,24759,1168
11/7/2021 6:30,850,23,3.7,6,88,24759,1318
11/7/2021 7:00,500,23,5.5,7.1,94.3,25921,1172
11/7/2021 7:30,1,23,7.5,6,88,25921,1174
11/7/2021 8:00,1,24.1,7.6,6,89.1,28122,1238
11/7/2021 8:30,1,24.1,7.8,8,88,28122,1178
11/7/2021 9:00,1,25,7.7,8,89.1,29261,1220
11/7/2021 9:30,1,26,13.1,8,88,29261,1264
11/7/2021 10:00,1,25.7,6.5,14.3,89.1,28828,1263
11/7/2021 10:30,1,27,7.9,9.9,51.4,28828,1262
11/7/2021 11:00,1,28,5.6,10,50.6,26549,1108
11/7/2021 11:30,1,27,11.4,8,50,26549,963
11/7/2021 12:00,1,26,11.3,8,88.4,26439,963
11/7/2021 12:30,1,25.1,13.2,6.1,85.8,26439,974
11/7/2021 13:00,1,24.4,9,7.1,93.2,27562,1153
11/7/2021 13:30,1,24.1,11.4,5.1,85.8,27562,1155
11/7/2021 14:00,1,23.1,5.6,3.1,88,28312,1169
11/7/2021 14:30,701,23.1,2.5,3.2,85.8,28312,1262
11/7/2021 15:00,800,23.1,5.6,3.1,88.4,28954,1183
11/7/2021 15:30,1,23.1,5.9,4.1,86.6,28954,1164
11/7/2021 16:00,850,23,7.9,7.6,94.3,30278,1400
11/7/2021 16:30,943,23,3.9,5,88,30278,1605
11/7/2021 17:00,1022.9,23,3.8,4,89.1,33066,1610
11/7/2021 17:30,1037.7,24,5.8,5,88,33066,1614
11/7/2021 18:00,1342,24,2,5,89.1,29830,1534
11/7/2021 18:30,1342,25,7.9,6,88,29830,1601
11/7/2021 19:00,1037.7,24,6.5,8.1,89.1,28758,1307
11/7/2021 19:30,950,25,7.9,6,88,28758,1162
11/7/2021 20:00,926,25,9.5,6,89.1,28104,1244
11/7/2021 20:30,900,25,9.8,6,88,28104,1143
11/7/2021 21:00,900,24,9.5,6,89.1,27069,1140
11/7/2021 21:30,900,24,9.6,6,86.6,27069,1081
11/7/2021 22:00,850,23.3,9.7,8.1,88.4,25355,1115
11/7/2021 22:30,770,23,11.2,6.1,86.6,25355,126
11/7/2021 23:00,1,23,11.3,6,88.4,23932,124
11/7/2021 23:30,1,23,9.6,6.1,86.6,23932,121
11/8/2021 0:00,1,23,11,6,88.4,23561,130
11/8/2021 0:30,1,23,9.2,6.1,86.6,23561,128
11/8/2021 1:00,1,22.5,6.2,8.1,88.4,23250,127
11/8/2021 1:30,1,23,7.3,6.1,86.6,23250,126
11/8/2021 2:00,1,23,7.5,6,88.4,22810,126
11/8/2021 2:30,1,23,9,6.1,86.6,22810,125
11/8/2021 3:00,1,23,7.4,6,88.4,22823,126
11/8/2021 3:30,1,23,11.1,6.1,88,22823,126
11/8/2021 4:00,1,22.5,12.8,13.4,89.1,23417,127
11/8/2021 4:30,1,23,7.6,6.1,88,23417,128
11/8/2021 5:00,1,22,9.4,6,89.1,24862,132
11/8/2021 5:30,1,23,7.6,6.1,88,24862,1002
11/8/2021 6:00,1,23,5.3,6,88.4,27231,1181
11/8/2021 6:30,700,23,9.2,5,86.6,27231,1062
11/8/2021 7:00,1,22.7,7.1,12.9,88.4,31042,1194
11/8/2021 7:30,780,23,12.5,5,88,31042,1785
11/8/2021 8:00,1,23,9.2,5,89.1,32728,1354
11/8/2021 8:30,1,23.1,7.3,5,88,32728,1208
11/8/2021 9:00,1,24.1,9.3,5,88.4,34194,1043
11/8/2021 9:30,1,25,7.9,6,86.6,34194,1141
11/8/2021 10:00,1,25.1,9.2,13.4,88.4,34137,1032
11/8/2021 10:30,1,27,9.8,7,51.4,34137,1139
11/8/2021 11:00,1,27,14.9,7,89.1,31292,158
11/8/2021 11:30,1,27,16.7,7,88,31292,985
11/8/2021 12:00,1,27,14.9,7,89.1,32511,988
11/8/2021 12:30,1,27,16.7,7,88,32511,1078
11/8/2021 13:00,1,26.8,13.6,13.8,89.1,34344,1184
11/8/2021 13:30,1,27,18.5,7,88,34344,1210
11/8/2021 14:00,780,27,16.6,7,89.1,34837,1468
11/8/2021 14:30,850,27,17,7,88,34837,1686
11/8/2021 15:00,900,27,16.7,7,89.1,35708,1800
11/8/2021 15:30,963,27,18.6,7,88,35708,1626
11/8/2021 16:00,1274.3,26.5,12,13.8,89.1,35444,1802
11/8/2021 16:30,1342,26,15.1,7,88,35444,1627
11/8/2021 17:00,1150,26,14.9,6,89.1,36428,1806
11/8/2021 17:30,1503.5,26,13.2,6,88,36428,1811
11/8/2021 18:00,1503.5,26,14.9,6,89.1,32127,1802
11/8/2021 18:30,1342,26,16.8,6,88,32127,1665
11/8/2021 19:00,1262,25.3,10.2,13.8,89.1,31089,1616
11/8/2021 19:30,963,25,13.2,7,88,31089,1614
11/8/2021 20:00,1018.1,25,14.9,7,89.1,30570,1612
11/8/2021 20:30,1037.7,25,13.4,7,88,30570,1611
11/8/2021 21:00,1018.1,25,13.1,7,89.1,29011,1607
11/8/2021 21:30,900,25,11.7,7,88,29011,1602
11/8/2021 22:00,950,24.4,7.4,13.8,89.1,27203,1599
11/8/2021 22:30,926,25,11.6,7,88,27203,1128
11/8/2021 23:00,900,25,13.1,7,89.1,25629,1384
11/8/2021 23:30,850,25,13.2,7,88,25629,1137
11/9/2021 0:00,850,25,11.2,6.9,89.1,25362,1102
11/9/2021 0:30,850,25,13.4,6.9,88,25362,1131
11/9/2021 1:00,850,24.3,12.7,13.8,94.3,24759,1401
11/9/2021 1:30,850,25,14.8,7,88,24759,1220
11/9/2021 2:00,850,25,14.8,7,89.1,24546,1128
11/9/2021 2:30,850,24,13,5,88,24546,1128
11/9/2021 3:00,850,24,5.6,3.1,89.1,24878,1128
11/9/2021 3:30,850,24,14.8,4.1,88,24878,1128
11/9/2021 4:00,850,24.4,12.9,12.9,94.3,25228,1204
11/9/2021 4:30,900,24,18.6,5,88,25228,1252
11/9/2021 5:00,926,24,15.1,5.5,89.1,26782,1255
11/9/2021 5:30,943,24,11.3,6,88,26782,1764
11/9/2021 6:00,963,24,11.3,6,89.1,28785,1262
11/9/2021 6:30,900,24,11.5,6,88,28785,1771
11/9/2021 7:00,900,24.7,11.7,13.4,94.3,32756,1780
11/9/2021 7:30,1000,25,16.8,6,88,32756,1789
11/9/2021 8:00,1100,25,16.5,7,89.1,34056,1571
11/9/2021 8:30,1018.1,25,13,7,88,34056,1357
11/9/2021 9:00,963.2,25,18.5,5,89.1,34422,1195
11/9/2021 9:30,850,26,18.6,7,86.6,34422,1358
11/9/2021 10:00,850,25.7,11.8,13.8,93.7,33913,1290
11/9/2021 10:30,850,26,18.6,8,86.6,33913,1194
11/9/2021 11:00,394,26,18.5,8,89.1,31514,1024
11/9/2021 11:30,1,27,15.3,8,88,31514,151
11/9/2021 12:00,1,27,15,9.9,89.1,33111,988
11/9/2021 12:30,1,26.9,17,9.9,88,33111,1783
11/9/2021 13:00,790,26.6,11.1,15.2,94.3,34744,1787
11/9/2021 13:30,850,27,13.5,9.9,88,34744,1796
11/9/2021 14:00,900,26,18.5,9.9,89.1,34478,1797
11/9/2021 14:30,926,25.9,15.3,7.9,88,34478,1798
11/9/2021 15:00,1037.7,26,14.9,8,89.1,34591,1800
11/9/2021 15:30,1342,25.8,13.4,7.9,88,34591,1801
11/9/2021 16:00,1342,25.3,10,14.3,94.3,35096,1802
11/9/2021 16:30,1412.9,25.8,13.2,7.9,88,35096,1802
11/9/2021 17:00,1425.2,25,16.7,7.9,89.1,36766,1806
11/9/2021 17:30,1503.5,24.9,16.8,6.9,88,36766,1811
11/9/2021 18:00,1500,25,16.7,6.9,89.1,32257,1627
11/9/2021 18:30,1412.9,24.9,18.3,6.9,88,32257,1619
11/9/2021 19:00,1400,24.5,13.6,7.2,94.3,31196,1460
11/9/2021 19:30,1262,24.9,16.7,4,88,31196,1614
11/9/2021 20:00,1342,24,13.1,5,89.1,30383,1787
11/9/2021 20:30,1342,23.9,9.7,5,88,30383,1611
11/9/2021 21:00,1150,24,16.6,4,89.1,28228,1607
11/9/2021 21:30,926,23.9,16.6,4.1,88,28228,1151
11/9/2021 22:00,890.7,23.5,13.5,6.7,94.3,26884,1110
11/9/2021 22:30,850,22,13.2,3.1,88,26884,1008
11/9/2021 23:00,850,22,3.9,4,89.1,25417,1015
11/9/2021 23:30,780,23,3.6,3,88,25417,1011
11/10/2021 0:00,800,23,9.5,3,89.1,24472,1050
11/10/2021 0:30,800,22.9,18.6,3,88,24472,1048
11/10/2021 1:00,800,22.2,15.6,2.5,94.3,24257,1047
11/10/2021 1:30,800,22,15.1,2.1,88,24257,1046
11/10/2021 2:00,800,22,14.9,1.1,89.1,24014,1046
11/10/2021 2:30,800,22,18.7,1.1,88,24014,1100
11/10/2021 3:00,800,21,13.2,1.1,89.1,24200,1100
11/10/2021 3:30,850,21,18.8,1.1,88,24200,1101
11/10/2021 4:00,850,20.9,14.7,3.6,94.3,24757,1148
11/10/2021 4:30,850,21,15.2,3.1,88,24757,1171
11/10/2021 5:00,900,21,11.5,4,89.1,26234,1431
11/10/2021 5:30,900,21,10,4,88,26234,1652
11/10/2021 6:00,900.5,21,9.7,3,89.1,28050,1330
11/10/2021 6:30,900,21,8.2,3.1,88,28050,1550
11/10/2021 7:00,963,21,4.8,2.1,94.3,31786,1780
11/10/2021 7:30,1150,21,6.1,2.1,88.4,31786,1789
11/10/2021 8:00,1150,21,4,2,89.3,32130,1792
11/10/2021 8:30,943,21,4.6,2.1,88.4,32130,1682
11/10/2021 9:00,770,21,7.9,2,89.3,32687,166
11/10/2021 9:30,1,22,8.3,2.1,88.4,32687,1087
11/10/2021 10:00,1,21.6,6.6,6.2,94.5,32195,1187
11/10/2021 10:30,1,22,9.8,2.1,88.4,32195,1085
11/10/2021 11:00,1,22,11.5,2,89.3,29054,158
11/10/2021 11:30,1,22,10,2,88.4,29054,1126
11/10/2021 12:00,1,22,15,2,89.3,30515,1129
11/10/2021 12:30,1,22,17.2,2,88.4,30515,1187
11/10/2021 13:00,1,21.9,15.7,5.2,94.5,32994,1191
11/10/2021 13:30,749,22,17.1,2,88.4,32994,1792
11/10/2021 14:00,795,22,20.8,2,89.3,33433,1793
11/10/2021 14:30,800,22,17.2,2,88.4,33433,1686
11/10/2021 15:00,900,22,13.2,2,89.3,34351,1688
11/10/2021 15:30,1018.1,22,15.1,2.1,88.4,34351,1626
11/10/2021 16:00,1150,21.8,12.7,5.2,94.5,34562,1527
11/10/2021 16:30,1342,22,15.2,2.1,88.4,34562,1673
11/10/2021 17:00,1342,23,20.6,3,89.3,36350,1806
11/10/2021 17:30,1503.5,23,16.8,2.1,88.4,36350,1811
11/10/2021 18:00,1342,23,20.6,2.1,89.3,32327,1419
11/10/2021 18:30,1050,23,22.5,2.1,88.4,32327,1411
11/10/2021 19:00,943,22.5,19.9,4,94.5,30548,1408
11/10/2021 19:30,900,23,29.4,5,88.4,30548,1406
11/10/2021 20:00,900,23,25.9,4,89.3,29768,1612
11/10/2021 20:30,890,23,26,4,88.4,29768,1403
11/10/2021 21:00,890,24,25.9,3,89.3,28191,1216
11/10/2021 21:30,850,24,24.2,3.1,88.4,28191,149
11/10/2021 22:00,850,23.3,17.1,4,94.5,26620,145
11/10/2021 22:30,850,24,24.1,5,88.4,26620,1009
11/10/2021 23:00,800,24,27.6,3,89.3,25029,1247
11/10/2021 23:30,1,24,27.5,3.1,88.4,25029,134
11/11/2021 0:00,1,25,22.3,4,100,24357,130
11/11/2021 0:30,1,24,27.7,3,88.4,24357,128
11/11/2021 1:00,1,23.6,18,6.7,94.5,24023,127
11/11/2021 1:30,1,24,27.6,3.1,88.4,24023,1046
11/11/2021 2:00,1,24,27.7,3,89.3,23921,993
11/11/2021 2:30,800,24,25.8,5,88.4,23921,992
11/11/2021 3:00,800,24,27.6,5,89.3,23922,1046
11/11/2021 3:30,800,24,31.3,5,88.4,23922,1046
11/11/2021 4:00,800,23.7,21.4,6.7,94.5,24634,993
11/11/2021 4:30,801,24,29.2,2.1,88.4,24634,1048
11/11/2021 5:00,850,23.1,29.4,3,89.3,26477,1106
11/11/2021 5:30,850,23,25.5,2.1,88.4,26477,1178
11/11/2021 6:00,890.7,23,25.9,2,89.3,27669,1181
11/11/2021 6:30,890,23,25.7,2,88.4,27669,1062
11/11/2021 7:00,927.1,22.8,16,2,94.5,31181,1343
11/11/2021 7:30,963.2,23.1,25.8,2.1,88.4,31181,1569
11/11/2021 8:00,950,23.1,24.1,2.1,89.1,32399,1139
11/11/2021 8:30,950,23.1,25.8,2.1,88,32399,1086
11/11/2021 9:00,927.1,23.1,29.4,2.1,89.1,32769,1087
11/11/2021 9:30,850,24.1,25.8,3.1,88,32769,1034
11/11/2021 10:00,850,22.9,13.6,2.5,94.3,32729,1086
11/11/2021 10:30,850,25,25.7,5,88,32729,1085
11/11/2021 11:00,800,26,27.6,4,89.1,29491,1078
11/11/2021 11:30,749,25,33.2,2,88.4,29491,1071
11/11/2021 12:00,749,25,29.4,4,89.3,31177,1118
11/11/2021 12:30,770,25,33.2,2.1,88.4,31177,1078
11/11/2021 13:00,800,24.5,26,6.2,94.5,33122,1030
11/11/2021 13:30,900,25,33.1,2.1,88,33122,1017
11/11/2021 14:00,1024.3,25,31.5,3.1,89.1,33280,1036
11/11/2021 14:30,1150,25,29.3,4,88,33280,1213
11/11/2021 15:00,1342,25,29.4,4,89.3,33942,1671
11/11/2021 15:30,1425.2,25,31.3,5,88.4,33942,1801
11/11/2021 16:00,1425.2,24.8,20.5,7.6,94.5,34687,1802
11/11/2021 16:30,1412.9,25,29.2,5,88.4,34687,1704
11/11/2021 17:00,1412.9,25,29.4,5,89.3,36419,1806
11/11/2021 17:30,1503.5,25,29.3,2.1,88,36419,1811
11/11/2021 18:00,1412.9,25,24,4,89.1,31797,1802
11/11/2021 18:30,1150,25,27.4,6,88,31797,1411
11/11/2021 19:00,927.1,24.5,15.1,8.1,94.3,30043,1408
11/11/2021 19:30,901,25,22.2,5,88,30043,1406
11/11/2021 20:00,962,25,24,4,89.1,28864,1259
11/11/2021 20:30,963,25,22.3,5.9,88,28864,1259
11/11/2021 21:00,943,25,22.3,4,89.1,27500,1241
11/11/2021 21:30,927.1,25,20.3,5,88,27500,1178
11/11/2021 22:00,927.1,23.9,15.8,2.1,94.3,25953,1120
11/11/2021 22:30,850,24,25.5,1.1,88,25953,1062
11/11/2021 23:00,801,24,33.2,1.1,89.1,24611,1056
11/11/2021 23:30,780,24,27.3,2.1,88,24611,990
11/12/2021 0:00,801,24,22.2,4,89.1,24019,1050
11/12/2021 0:30,800,24,20.3,4.1,88,24019,128
11/12/2021 1:00,780,23.8,12.5,6.7,94.3,23804,972
11/12/2021 1:30,801,24,22.1,4.1,88,23804,993
11/12/2021 2:00,1,25,25.7,4,89.1,23759,986
11/12/2021 2:30,1,26,16.6,6,88,23759,965
11/12/2021 3:00,1,26,18.4,6,88,23686,126
11/12/2021 3:30,848,24,18,4.1,88,23686,1089
11/12/2021 4:00,850,23.7,17,7.6,94.3,24439,1156
11/12/2021 4:30,890,24,16.4,6,88,24439,1237
11/12/2021 5:00,927.1,25,18.3,6,89.1,25693,1289
11/12/2021 5:30,962,25,20.3,6,88,25693,1327
11/12/2021 6:00,950,25,20.4,6,89.1,27577,1767
11/12/2021 6:30,927.1,25,18.4,6,88,27577,1266
11/12/2021 7:00,927.1,24.5,12.4,13.4,94.3,30657,1780
11/12/2021 7:30,963.2,25,18.4,6,88,30657,1789
11/12/2021 8:00,927.1,25,16.6,8,89.1,31243,1792
11/12/2021 8:30,850,25.9,14.8,9.9,88,31243,1794
11/12/2021 9:00,848,26,18.3,9.9,88.4,31341,1209
11/12/2021 9:30,749,26,15,9.9,86.6,31341,1209
11/12/2021 10:00,1,25.6,10,15.2,88.4,31259,1209
11/12/2021 10:30,749,26,15,9.9,86.6,31259,1140
11/12/2021 11:00,1,26,14.9,9.9,88.4,28195,1078
11/12/2021 11:30,1,26,11.6,9.9,86.6,28195,1451
11/12/2021 12:00,1,25,13.1,9.9,89.1,29625,1119
11/12/2021 12:30,1,25,13.3,9.9,88,29625,1179
11/12/2021 13:00,1,23.4,9.8,9.9,94.3,32393,1286
11/12/2021 13:30,1,23.1,16.6,4.1,88,32393,1291
11/12/2021 14:00,1,23.1,14.8,6,90,33466,1360
11/12/2021 14:30,800,23.1,13,6,90,33466,1361
11/12/2021 15:00,927.1,23.1,13,6,90,34410,1363
11/12/2021 15:30,1024.3,22.4,7.2,10,100,34410,1801
11/12/2021 16:00,1412.9,22.4,7.2,10,100,35120,1802
11/12/2021 16:30,1425.2,23.1,11.2,4,90,35120,1802
11/12/2021 17:00,1425.2,23.1,11.2,4,90,36495,1806
11/12/2021 17:30,1503.5,23.1,11.2,6,89.9,36495,1811
11/12/2021 18:00,1503.5,23.1,11.2,6,89.9,32052,1673
11/12/2021 18:30,1412.9,25,9.4,7,88,32052,1274
11/12/2021 19:00,1024.3,21.9,4.5,7.2,94.3,30607,163
11/12/2021 19:30,927.1,22.1,11,4.1,88,30607,1263
11/12/2021 20:00,890,22.1,11.1,5,89.1,29970,1380
11/12/2021 20:30,1150,22,9.4,5.1,88,29970,1266
11/12/2021 21:00,1100,22,11.1,5,89.1,28048,1255
11/12/2021 21:30,950,22,11,5.1,88,28048,1162
11/12/2021 22:00,927.1,21.8,7,8.1,93.7,26684,1066
11/12/2021 22:30,890,22,10.8,5.1,86.6,26684,142
11/12/2021 23:00,850,22,9.3,7,88.4,25139,138
11/12/2021 23:30,775,22,9.2,7,86.6,25139,1055
11/13/2021 00:00:00,850,22,9.2,7,88.4,24607,1052
11/13/2021 00:30:00,850,22,10.8,6,86.6,24607,1050
11/13/2021 01:00:00,848,21.5,9.2,8.1,88.4,24221,1051
11/13/2021 01:30:00,801,21,9.1,7,86.6,24221,1048
11/13/2021 02:00:00,785,21,7.6,7,50,24010,997
11/13/2021 02:30:00,800,22,7.4,7,50,24010,1050
11/13/2021 03:00:00,800,22,9.3,7,50,24100,1093
11/13/2021 03:30:00,795,21,7.4,7,50,24100,990
11/13/2021 04:00:00,800,20.7,9.2,8.6,71,24565,1048
11/13/2021 04:30:00,800,21,7.4,6,50,24565,1051
11/13/2021 05:00:00,848,21,7.5,6,50,25545,1052
11/13/2021 05:30:00,850,21,3.7,6,50,25545,1177
11/13/2021 06:00:00,850,21,3.6,6,50,27299,1180
11/13/2021 06:30:00,850,21,3.6,6,51.4,27299,1062
11/13/2021 07:00:00,850,21.4,6.2,13.8,71.7,30424,1191
11/13/2021 07:30:00,850,23,9.2,7,51.4,30424,1786
11/13/2021 08:00:00,850,23,14.4,9.9,51.4,31343,1788
11/13/2021 08:30:00,850,24,19.9,9.9,51.4,31343,1791
11/13/2021 09:00:00,1,25,21.9,9.9,50.6,32307,1018
11/13/2021 09:30:00,1,24.1,21.6,9.9,51.4,32307,1083
11/13/2021 10:00:00,1,24.2,11.4,15.2,71.7,31946,1028
11/13/2021 10:30:00,1,25,12.8,9.9,51.4,31946,161
11/13/2021 11:00:00,1,25,16.8,10,50.6,29527,155
11/13/2021 11:30:00,1,25,17.2,9.9,51.4,29527,149
11/13/2021 12:00:00,1,25,18.5,10,50,30206,152
11/13/2021 12:30:00,1,25,18.7,9.9,50,30206,156
11/13/2021 13:00:00,1,25.2,11.9,15.2,71,31827,1202
11/13/2021 13:30:00,800,25,16.8,9.9,50,31827,1138
11/13/2021 14:00:00,850,26,11.4,10,50,32400,1206
11/13/2021 14:30:00,890.7,26,16.9,9.9,50,32400,1186
11/13/2021 15:00:00,927.1,26,16.7,10,50,33375,1289
11/13/2021 15:30:00,950,27,16.6,9.9,51.4,33375,1466
11/13/2021 16:00:00,1150,25.5,12.7,15.2,71.7,33118,1410
11/13/2021 16:30:00,1024.3,25,18.2,9.9,51.4,33118,1792
11/13/2021 17:00:00,1150,24,18.3,10,50.6,34994,1667
11/13/2021 17:30:00,1200,24,18.1,9.9,51.4,34994,1671
11/13/2021 18:00:00,1150,23.1,16.4,9.9,50.6,30559,1409
11/13/2021 18:30:00,963,23.1,18,9.9,51.4,30559,1258
11/13/2021 19:00:00,927.1,22.8,10.5,15.2,71.7,29001,154
11/13/2021 19:30:00,927.1,23,14.7,9.9,51.4,29001,152
11/13/2021 20:00:00,927.1,23,13,10,50.6,29371,152
11/13/2021 20:30:00,927.1,23,11.1,9.9,51.4,29371,152
11/13/2021 21:00:00,901,23,14.8,10,50.6,27510,149
11/13/2021 21:30:00,850,23,13,9.9,51.4,27510,146
11/13/2021 22:00:00,801,22.8,9.9,15.2,71.7,26311,143
11/13/2021 22:30:00,801,23,16.4,9.9,51.4,26311,139
11/13/2021 23:00:00,780,25,3.6,8,88,24238,136
11/13/2021 23:30:00,1,23,12.6,9.9,51.4,24238,132
11/14/2021 00:00:00,1,23,11.1,10,50.6,23894,130
11/14/2021 00:30:00,1,23,11,9.9,51.4,23894,129
11/14/2021 01:00:00,1,22.8,14.2,15.2,76.9,23357,127
11/14/2021 01:30:00,1,23,22,9.9,51.4,23357,126
11/14/2021 02:00:00,1,23.1,24.1,10,50,23390,126
11/14/2021 02:30:00,1,22,18.3,6,50.6,23390,126
11/14/2021 03:00:00,1,22,18.3,6,50.6,23254,125
11/14/2021 03:30:00,1,21.1,18.2,4.1,51.4,23254,125
11/14/2021 04:00:00,1,20.9,18.2,7.2,76.9,23399,125
11/14/2021 04:30:00,1,21.1,11.6,5.1,51.4,23399,125
11/14/2021 05:00:00,1,20.1,14.9,5.1,89.1,23309,125
11/14/2021 05:30:00,1,20.1,15,6.1,88,23309,1157
11/14/2021 06:00:00,1,20.1,14.9,4.1,89.1,23901,992
11/14/2021 06:30:00,1,20.1,18.4,4.1,88,23901,1130
11/14/2021 07:00:00,1,20.1,12.5,6.8,94.3,25170,1172
11/14/2021 07:30:00,770,20.1,18.4,3.2,88,25170,1164
11/14/2021 08:00:00,801,20.1,22.2,3.1,89.1,25630,1650
11/14/2021 08:30:00,800,20.1,20.6,3.2,88,25630,1764
11/14/2021 09:00:00,700,20.1,20.6,3.1,89.1,27356,1329
11/14/2021 09:30:00,770,20.1,22.3,2.3,88,27356,1769
11/14/2021 10:00:00,800,20,15.4,5.3,94.3,27377,1768
11/14/2021 10:30:00,770,20.1,20.6,2.2,88,27377,1181
11/14/2021 11:00:00,1,20.1,24.1,2,89.1,25719,1167
11/14/2021 11:30:00,1,20.1,25.7,2.1,88,25719,1094
11/14/2021 12:00:00,1,20.1,29.4,2.1,89.3,25045,1048
11/14/2021 12:30:00,1,20.1,25.8,2.1,88.4,25045,985
11/14/2021 13:00:00,1,20.7,15.2,4.7,94.5,26724,976
11/14/2021 13:30:00,1,21,24,1.1,88.4,26724,978
11/14/2021 14:00:00,1,21,22.3,2,89.3,26436,1111
11/14/2021 14:30:00,1,21,29,1.1,88.4,26436,1113
11/14/2021 15:00:00,1,23,14.8,5,100,27495,1173
11/14/2021 15:30:00,927.1,22,31.6,1.1,88.4,27495,1184
11/14/2021 16:00:00,927.1,21.4,23.5,4.7,94.5,29728,1259
11/14/2021 16:30:00,1037.7,22,37,2.1,88.4,29728,1780
11/14/2021 17:00:00,1176.6,21,35,2,89.3,31453,1785
11/14/2021 17:30:00,1503.5,21,36.3,2.1,88.4,31453,1789
11/14/2021 18:00:00,1503.5,21,36.9,1.1,89.3,27940,1782
11/14/2021 18:30:00,1503.5,21,35.1,4,88.4,27940,1646
11/14/2021 19:00:00,963,20.7,27.3,3.6,94.5,26823,1773
11/14/2021 19:30:00,901,21,37,2.1,88.4,26823,143
11/14/2021 20:00:00,890.7,21,35.3,3,89.3,26106,141
11/14/2021 20:30:00,800,21,36.8,1.1,88.4,26106,140
11/14/2021 21:00:00,1,20,33.4,3,89.3,24514,137
11/14/2021 21:30:00,1,20.1,40.3,2.1,88.4,24514,134
11/14/2021 22:00:00,1,19.7,26.7,2.1,94.5,23106,130
11/14/2021 22:30:00,1,20.1,42,2.1,88.4,23106,126
11/14/2021 23:00:00,1,20.1,44.4,1.1,89.3,21985,124
11/14/2021 23:30:00,1,20.1,47.7,1.1,88.4,21985,121
11/15/2021 00:00:00,1,20.1,51.5,2.1,89.3,21310,130
11/15/2021 00:30:00,1,20.1,52.9,2.1,88.4,21310,128
11/15/2021 01:00:00,1,19.8,41,2.1,94.5,21077,127
11/15/2021 01:30:00,1,20.1,58.7,2.1,88.4,21077,126
11/15/2021 02:00:00,1,20.1,69.3,2.1,89.3,20931,126
11/15/2021 02:30:00,1,20.1,61.9,2.1,88,20931,125
11/15/2021 03:00:00,1,21.1,58.3,3.1,89.1,21017,126
11/15/2021 03:30:00,1,21,54,4,88.4,21017,126
11/15/2021 04:00:00,1,21.5,35.2,6.1,94.5,21937,127
11/15/2021 04:30:00,1,22,43.7,5.9,88.4,21937,128
11/15/2021 05:00:00,1,23,35,6,89.3,24414,132
11/15/2021 05:30:00,1,22.9,29.1,6,88.4,24414,135
11/15/2021 06:00:00,848,24,29.3,7.9,89.1,26828,1164
11/15/2021 06:30:00,890,23.9,23.6,7.9,88,26828,975
11/15/2021 07:00:00,790,24.1,14.3,9.9,99.6,30163,1301
11/15/2021 07:30:00,927.1,23.9,18.1,7.9,88,30163,1789
11/15/2021 08:00:00,927.1,23,14.7,8,89.1,31437,1792
11/15/2021 08:30:00,927.1,22.9,14.5,8,88,31437,1086
11/15/2021 09:00:00,1,23,7.5,8,89.1,32398,166
11/15/2021 09:30:00,1,23,7.4,9,88,32398,167
11/15/2021 10:00:00,1,23.5,5.5,10,76.9,32466,1195
11/15/2021 10:30:00,800,25,3.7,10,51.4,32466,1194
11/15/2021 11:00:00,1,25,3.7,10,50.6,30318,158
11/15/2021 11:30:00,1,26,3.7,10,51.4,30318,151
11/15/2021 12:00:00,1,26,3.6,10,50,31632,999
11/15/2021 12:30:00,1,26,5.5,10,51.4,31632,1076
11/15/2021 13:00:00,848,25.8,5.4,10,94.3,32962,1245
11/15/2021 13:30:00,927.1,25,5.4,10,88,32962,1358
11/15/2021 14:00:00,950,25,5.4,10,89.1,33912,1278
11/15/2021 14:30:00,963.2,25,7.4,10,88,33912,1310
11/15/2021 15:00:00,1150,25,5.4,10,89.1,34663,1280
11/15/2021 15:30:00,1400.9,25,7.5,10,88,34663,1801
11/15/2021 16:00:00,1412.9,24.8,9.8,15.2,94.3,36103,1802
11/15/2021 16:30:00,1425.2,24,12.6,9.9,88,36103,1802
11/15/2021 17:00:00,1412.9,24,7.6,10,89.1,35954,1806
11/15/2021 17:30:00,1425.2,24,5.4,9.9,88,35954,1811
11/15/2021 18:00:00,1425.2,23.1,7.5,10,89.1,32076,1536
11/15/2021 18:30:00,1176.1,23.1,7.4,9.9,88,32076,1268
11/15/2021 19:00:00,927.1,22.9,5.3,15.2,89.1,30481,163
11/15/2021 19:30:00,901,23.1,1.8,9.9,88,30481,160
11/15/2021 20:00:00,927.1,23.1,1.8,10,89.1,29685,159
11/15/2021 20:30:00,927.1,23.1,3.7,9.9,88,29685,157
11/15/2021 21:00:00,900,23.1,3.6,10,89.1,27728,153
11/15/2021 21:30:00,890,22.1,1.9,9.9,88,27728,149
11/15/2021 22:00:00,800,22.1,1.9,15.2,89.1,26115,145
11/15/2021 22:30:00,800,22.1,3.7,9.9,51.4,26115,1062
11/15/2021 23:00:00,800,22.1,3.7,6,50.6,24679,138
11/15/2021 23:30:00,1,22.1,3.9,6.1,51.4,24679,134
11/16/2021 00:00:00,1,22.1,5.4,4.1,50.6,23579,1094
11/16/2021 00:30:00,1,22.1,5.5,4.1,51.4,23579,983
11/16/2021 01:00:00,1,21.8,5.5,8.6,89.1,22972,127
11/16/2021 01:30:00,1,22.1,5.6,4.1,88,22972,126
11/16/2021 02:00:00,1,22.1,5.5,6,89.1,23240,126
11/16/2021 02:30:00,1,22.1,7.7,4.1,88,23240,959
11/16/2021 03:00:00,785,22.1,9.4,4.1,89.1,23371,1065
11/16/2021 03:30:00,800,22.1,5.6,4.1,88,23371,126
11/16/2021 04:00:00,770,21.6,4.5,7.2,94.3,23740,127
11/16/2021 04:30:00,1,22.1,5.7,5.1,88,23740,1046
11/16/2021 05:00:00,770,21.1,9.4,6,89.1,25211,132
11/16/2021 05:30:00,795,21.1,12.9,6,88,25211,1003
11/16/2021 06:00:00,790,21.1,9.4,3.1,89.1,27508,139
11/16/2021 06:30:00,850,21.1,9.5,4.1,86.6,27508,975
11/16/2021 07:00:00,963.2,21.1,6.4,7.2,93.7,30980,1776
11/16/2021 07:30:00,1176,22.1,9.6,6,86.6,30980,1789
11/16/2021 08:00:00,1176,22.1,7.7,7,88.4,31838,1320
11/16/2021 08:30:00,1150,22.1,12.9,7,88,31838,1084
11/16/2021 09:00:00,1024.3,23.1,7.7,7,89.1,31056,166
11/16/2021 09:30:00,900,23.1,9.5,7,88,31056,1006
11/16/2021 10:00:00,927.1,22.7,9.4,13.8,93.7,30321,1170
11/16/2021 10:30:00,801,24.1,11.2,7,86.6,30321,165
11/16/2021 11:00:00,1,23.1,11.2,7,88.4,29219,158
11/16/2021 11:30:00,1,23.1,11.2,8,88,29219,151
11/16/2021 12:00:00,1,24.1,11.1,8,89.1,30652,154
11/16/2021 12:30:00,1,24.1,11.4,6,88,30652,158
11/16/2021 13:00:00,1,23.7,6.4,13.4,94.3,32512,1166
11/16/2021 13:30:00,780,24.1,9.6,6,86.6,32512,1196
11/16/2021 14:00:00,394,24.1,11.2,7,88.4,33045,1144
11/16/2021 14:30:00,927.1,24.1,11.2,8,50,33045,1144
11/16/2021 15:00:00,927.1,25.1,9.4,8,50,33763,1289
11/16/2021 15:30:00,1024.3,25,7.6,8,50,33763,1418
11/16/2021 16:00:00,1412.9,24.7,5.5,14.3,71,34019,1672
11/16/2021 16:30:00,1425.2,24.1,7.7,8,50,34019,1704
11/16/2021 17:00:00,1425.2,24,7.6,8,88.4,34275,1806
11/16/2021 17:30:00,1503.5,24,7.6,7,86.6,34275,1428
11/16/2021 18:00:00,1412.9,24,7.5,7,88.4,30198,1283
11/16/2021 18:30:00,963,24,7.5,7,86.6,30198,165
11/16/2021 19:00:00,848,23.3,5.4,8.6,88.4,28438,163
11/16/2021 19:30:00,394,23.1,7.4,7,86.6,28438,160
11/16/2021 20:00:00,927.1,23.1,7.5,7,89.1,28796,1261
11/16/2021 20:30:00,927.1,23.1,7.4,6,88,28796,157
11/16/2021 21:00:00,800,23.1,3.6,6,89.1,27075,153
11/16/2021 21:30:00,394,23.1,5.2,4.1,88,27075,149
11/16/2021 22:00:00,1,22.9,3.5,7.2,89.1,25556,145
11/16/2021 22:30:00,1,23,7.4,4.1,88,25556,142
11/16/2021 23:00:00,1,23.1,7.5,3.1,89.1,24380,138
11/16/2021 23:30:00,1,23,7.4,3.1,88,24380,134
11/17/2021 00:00:00,1,23,7.4,3.1,89.1,24044,130
11/17/2021 00:30:00,1,23,5.3,3.1,88,24044,128
11/17/2021 01:00:00,1,23,1.7,3.1,88,23788,127
11/17/2021 01:30:00,1,23,1.8,3.1,88,23788,126
11/17/2021 02:00:00,1,23,1.8,3.1,88,23607,126
11/17/2021 02:30:00,1,23,1.8,3.1,88,23607,125
11/17/2021 03:00:00,1,23,1.7,3.1,88,23498,126
11/17/2021 03:30:00,1,23,3.5,3.1,88,23498,126
11/17/2021 04:00:00,1,22.8,3.5,3.6,89.1,24163,127
11/17/2021 04:30:00,1,23,3.5,3.1,88,24163,128
11/17/2021 05:00:00,1,23,1.8,3.1,89.1,25807,132
11/17/2021 05:30:00,700,23,1.8,1.1,88,25807,135
11/17/2021 06:00:00,1,23,3.6,1.1,47.3,27480,139
11/17/2021 06:30:00,1,23,1.7,0.2,99.6,27480,142
11/17/2021 07:00:00,1,22.9,1.8,4.3,94.5,31438,151
11/17/2021 07:30:00,1,23,1.7,1.1,88,31438,160
11/17/2021 08:00:00,1,24,1.8,3,89.1,32648,163
11/17/2021 08:30:00,1,25,3.7,6,50,32648,166
11/17/2021 09:00:00,1,26,3.7,6,50,33199,166
11/17/2021 09:30:00,1,26,7.8,7.9,50,33199,167
11/17/2021 10:00:00,1,26.5,7.2,15.2,71,33232,166
11/17/2021 10:30:00,1,27,11.2,9.9,50,33232,165
11/17/2021 11:00:00,1,27,9.4,10,50,30603,158
11/17/2021 11:30:00,1,28,9.4,9.9,50,30603,151
11/17/2021 12:00:00,1,28,16.5,10,50,31602,154
11/17/2021 12:30:00,1,28,16.2,10,49.1,31602,158
11/17/2021 13:00:00,1,27.4,12.4,15.3,70.6,33423,162
11/17/2021 13:30:00,1,28,20.1,10,49.1,33423,167
11/17/2021 14:00:00,1,28,20.4,10,49.6,34507,168
11/17/2021 14:30:00,1,28,18.1,10,49.1,34507,170
11/17/2021 15:00:00,1,28,20.4,10,49.6,35273,171
11/17/2021 15:30:00,900,28,18.2,10,49.1,35273,1274
11/17/2021 16:00:00,962,27.1,12.3,15.3,70.6,36038,1702
11/17/2021 16:30:00,1176.6,26,12.8,10,49.1,36038,1386
11/17/2021 17:00:00,1274.3,26,14.6,10,49.6,36425,1806
11/17/2021 17:30:00,1503.5,26,12.7,10,49.1,36425,1811
11/17/2021 18:00:00,1018.1,25,12.7,10,49.6,32390,1275
11/17/2021 18:30:00,927.1,25,9.1,10,49.1,32390,1268
11/17/2021 19:00:00,890.7,24.9,7.4,15.3,71,30508,163
11/17/2021 19:30:00,1,25,7.4,10,50,30508,1262
11/17/2021 20:00:00,890,25,5.4,10,50,29713,1526
11/17/2021 20:30:00,890,25,7.3,10,50,29713,583
11/17/2021 21:00:00,800,25,7.4,10,50,27715,153
11/17/2021 21:30:00,450,25,5.3,10,50,27715,149
11/17/2021 22:00:00,790,24.1,3.5,14.3,76.3,26346,145
11/17/2021 22:30:00,1,24,3.5,8,50,26346,142
11/17/2021 23:00:00,1,24,3.5,8,50,24673,138
11/17/2021 23:30:00,1,24,1.7,8,50,24673,134
11/18/2021 00:00:00,1,23,3.5,6,50,24168,130
11/18/2021 00:30:00,1,23,3.5,6.1,50,24168,128
11/18/2021 01:00:00,1,23,3.6,13.4,71,23934,127
11/18/2021 01:30:00,1,23,3.5,6.1,50,23934,126
11/18/2021 02:00:00,1,23,3.6,6,50,23853,126
11/18/2021 02:30:00,1,22,5.2,6.1,50,23853,125
11/18/2021 03:00:00,1,22,3.6,6,50.6,24069,126
11/18/2021 03:30:00,1,24,5.4,8,88,24069,126
11/18/2021 04:00:00,1,22.2,3.7,13.4,76.9,24414,127
11/18/2021 04:30:00,1,23,3.7,6,51.4,24414,128
11/18/2021 05:00:00,1,23,5.3,6,50.6,26056,132
11/18/2021 05:30:00,848,23,5.4,6,51.4,26056,135
11/18/2021 06:00:00,890,23,7.5,6,50.6,28290,139
11/18/2021 06:30:00,780,23,3.6,6,51.4,28290,142
11/18/2021 07:00:00,790,23.5,3.6,13.4,71.7,31356,151
11/18/2021 07:30:00,900,24,3.5,6.1,50,31356,994
11/18/2021 08:00:00,870,25,3.6,10,50,32261,163
11/18/2021 08:30:00,500,25,5.3,9.9,50,32261,166
11/18/2021 09:00:00,800,26.1,5.3,10,50,32736,165
11/18/2021 09:30:00,1,27,7.4,9.9,50,32736,167
11/18/2021 10:00:00,1,28.1,8.1,15.3,71,32687,166
11/18/2021 10:30:00,1,28,9.3,10,50,32687,165
11/18/2021 11:00:00,1,28,9.3,10,50,30514,158
11/18/2021 11:30:00,1,29,5.3,10,25.9,30514,151
11/18/2021 12:00:00,1,28,7.5,10,50,31990,154
11/18/2021 12:30:00,1,29,7.6,10,50,31990,158
11/18/2021 13:00:00,850,29,10.9,15.3,71,33155,1194
11/18/2021 13:30:00,900,28.9,11,10,50,33155,1142
11/18/2021 14:00:00,900,29,12.8,10,50,33770,1241
11/18/2021 14:30:00,927.1,28.9,14.8,10,50,33770,1206
11/18/2021 15:00:00,963,28,14.7,10,50,34496,1246
11/18/2021 15:30:00,1017,28,14.6,10,50,34496,1274
11/18/2021 16:00:00,1024.3,28,8,15.3,71,35130,1802
11/18/2021 16:30:00,1200,27,11,10,50,35130,1704
11/18/2021 17:00:00,1412.9,27,9.4,10,50,37169,1806
11/18/2021 17:30:00,1503.5,26,9.1,10,50,37169,1811
11/18/2021 18:00:00,1274.3,26,7.6,10,50,32969,174
11/18/2021 18:30:00,927.1,26,5.5,9.9,50,32969,165
11/18/2021 19:00:00,900,25.9,5.5,15.2,88.4,31240,163
11/18/2021 19:30:00,890,26,5.3,9.9,49.1,31240,1164
11/18/2021 20:00:00,890.7,26,0.1,10,49.6,30277,1260
11/18/2021 20:30:00,900,26,1.9,9.9,49.1,30277,1158
11/18/2021 21:00:00,901,25,3.6,10,49.6,28822,1235
11/18/2021 21:30:00,900,25,0.1,9.9,49.1,28822,1100
11/18/2021 22:00:00,900,24.4,3.5,15.2,70.6,27139,1113
11/18/2021 22:30:00,900,25,1.9,7,50,27139,1244
11/18/2021 23:00:00,900,25,3.5,7,28,25616,1241
11/18/2021 23:30:00,890,25,1.7,7,25.9,25616,1237
11/19/2021 00:00:00,890.7,25,3.5,6,50,24277,1231
11/19/2021 00:30:00,800,24,1.7,5.1,49.1,24277,1229
11/19/2021 01:00:00,770,23.9,5.3,12.9,70.6,23810,1228
11/19/2021 01:30:00,1,24,5.3,5.1,49.1,23810,126
11/19/2021 02:00:00,770,25,5.3,5.1,49.6,23647,126
11/19/2021 02:30:00,780,24,3.5,5.1,49.1,23647,125
11/19/2021 03:00:00,1,25,1.8,5.1,49.6,23703,126
11/19/2021 03:30:00,1,25,1.8,5.1,49.1,23703,126
11/19/2021 04:00:00,1,24.5,3.5,12.9,70.6,24154,127
11/19/2021 04:30:00,770,24,1.8,8,25,24154,1048
11/19/2021 05:00:00,790,24,3.6,5.1,49.6,26176,1206
11/19/2021 05:30:00,870,24,1.9,6.1,49.1,26176,1245
11/19/2021 06:00:00,927.1,24,3.6,5.1,88.4,27807,1051
11/19/2021 06:30:00,900.5,24,5.3,5.1,86.6,27807,1060
11/19/2021 07:00:00,900,24.5,3.6,12.9,89.1,31233,1253
11/19/2021 07:30:00,927.1,25.9,3.5,6.1,51.4,31233,1164
11/19/2021 08:00:00,927.1,27,3.5,6,50.6,32168,1167
11/19/2021 08:30:00,848,28,7.3,6.1,51.4,32168,1010
11/19/2021 09:00:00,1,28,5.3,6,50,33305,166
11/19/2021 09:30:00,1,28,5.3,6.1,86.6,33305,167
11/19/2021 10:00:00,1,28.7,8.1,14.3,88.4,32821,166
11/19/2021 10:30:00,1,28,11,9.9,86.6,32821,165
11/19/2021 11:00:00,1,29,11.1,10,88.4,30540,158
11/19/2021 11:30:00,1,29,9.3,9.9,50,30540,151
11/19/2021 12:00:00,1,29,9.3,10,49.6,32143,154
11/19/2021 12:30:00,1,29,9.2,10,49.1,32143,158
11/19/2021 13:00:00,1,29.4,9,15.3,70.6,33674,1065
11/19/2021 13:30:00,1,29,12.8,10,85.8,33674,167
11/19/2021 14:00:00,520,29,14.7,10,88,34281,168
11/19/2021 14:30:00,900,29,16.4,10,85.8,34281,170
11/19/2021 15:00:00,900,29,14.7,10,27.6,35334,171
11/19/2021 15:30:00,943,28.9,12.9,10,25,35334,1274
11/19/2021 16:00:00,1024.3,27.9,10,15.3,70.6,36318,1717
11/19/2021 16:30:00,1425.2,27,11.2,10,49.1,36318,1553
11/19/2021 17:00:00,1503.5,27,9.4,10,88,37103,1806
11/19/2021 17:30:00,1503.5,26.9,9.3,10,86.6,37103,1811
11/19/2021 18:00:00,1412.9,27,9.4,10,88.4,32627,174
11/19/2021 18:30:00,950,26.9,9.3,10,86.6,32627,165
11/19/2021 19:00:00,900,26.5,9.3,15.3,88.4,30780,163
11/19/2021 19:30:00,848,26.9,9.3,10,86.6,30780,160
11/19/2021 20:00:00,900,26,9.3,10,50,30236,159
11/19/2021 20:30:00,900,26,9.2,10,50,30236,157
11/19/2021 21:00:00,900,26,7.5,10,50,28446,153
11/19/2021 21:30:00,800,26,9.2,10,49.1,28446,149
11/19/2021 22:00:00,900,25,7.3,15.3,70.6,26628,145
11/19/2021 22:30:00,927.1,25,9.2,10,49.1,26628,142
11/19/2021 23:00:00,900,26,5.4,10,49.6,25217,138
11/19/2021 23:30:00,870,26,3.7,10,50,25217,134
11/20/2021 00:00:00,800,26,5.4,10,50,24939,134
11/20/2021 00:30:00,789,25,1.9,10,50,24939,132
11/20/2021 01:00:00,770,23.9,3.6,19.7,88.8,24448,131
11/20/2021 01:30:00,1,25,0.1,10,50,24448,130
11/20/2021 02:00:00,770,24,3.5,10,50,24203,130
11/20/2021 02:30:00,770,25,0,8,50,24203,129
11/20/2021 03:00:00,770,24,1.8,10,50,24096,129
11/20/2021 03:30:00,770,24,3.5,9.9,50,24096,129
11/20/2021 04:00:00,780,24,3.5,15.2,71,24632,130
11/20/2021 04:30:00,770,24,3.5,7,50,24632,130
11/20/2021 05:00:00,789,24,1.8,7,50,25403,132
11/20/2021 05:30:00,789,25,3.5,7,50,25403,134
11/20/2021 06:00:00,780,25,3.6,7,88.4,27489,137
11/20/2021 06:30:00,770,25,0.1,8,86.6,27489,141
11/20/2021 07:00:00,780,24.7,3.5,15.2,71,30649,1153
11/20/2021 07:30:00,900,25,3.5,9.9,86.6,30649,1200
11/20/2021 08:00:00,900,26,1.8,10,88.4,32730,1242
11/20/2021 08:30:00,900,27,5.4,10,86.6,32730,1166
11/20/2021 09:00:00,870,27,9.3,10,88.4,33165,162
11/20/2021 09:30:00,1,28,7.5,10,86.6,33165,163
11/20/2021 10:00:00,1,27.9,5.5,15.3,71,32714,162
11/20/2021 10:30:00,1,28,7.6,10,50,32714,161
11/20/2021 11:00:00,1,29,11.2,10,50.6,30349,155
11/20/2021 11:30:00,1,28.9,12.9,10,27.2,30349,149
11/20/2021 12:00:00,1,29,14.7,10,28.7,31777,152
11/20/2021 12:30:00,1,29,16.4,10,27.2,31777,156
11/20/2021 13:00:00,1,28.6,9.9,15.3,60.2,33846,1066
11/20/2021 13:30:00,800,28.9,18,10,27.2,33846,1086
11/20/2021 14:00:00,900,29,18.2,10,28.7,34307,1266
11/20/2021 14:30:00,900,29,18.1,10,25.9,34307,1267
11/20/2021 15:00:00,927.1,29,18.3,10,27.6,34153,1340
11/20/2021 15:30:00,1017,28,16.4,10,25,34153,1343
11/20/2021 16:00:00,1350,27.9,9.7,15.3,59.1,34275,1793
11/20/2021 16:30:00,1425.2,27,14.6,10,25,34275,1792
11/20/2021 17:00:00,1503.5,27,14.7,10,27.6,35335,1796
11/20/2021 17:30:00,1503.5,27,12.8,10,25.9,35335,1800
11/20/2021 18:00:00,1176,26,12.9,10,28,30961,164
11/20/2021 18:30:00,927.1,26,12.8,10,25.9,30961,156
11/20/2021 19:00:00,394,25.4,7.1,15.3,59.1,29394,154
11/20/2021 19:30:00,1,26,12.7,10,25,29394,152
11/20/2021 20:00:00,770,26,7.5,10,27.6,28364,152
11/20/2021 20:30:00,394,26,1.9,10,25,28364,152
11/20/2021 21:00:00,770,26,1.8,10,27.6,27130,149
11/20/2021 21:30:00,780,25,0.1,10,25,27130,146
11/20/2021 22:00:00,870,24.2,1.9,15.3,59.1,25579,1244
11/20/2021 22:30:00,800,25,3.6,10,25,25579,565
11/20/2021 23:00:00,800,24,1.8,10,27.6,24126,136
11/20/2021 23:30:00,789,24,3.6,10,25,24126,132
11/21/2021 00:00:00,1,24,3.6,10,27.6,23872,130
11/21/2021 00:30:00,1,24,1.7,10,25,23872,129
11/21/2021 01:00:00,1,23.1,5.2,15.3,59.1,23568,127
11/21/2021 01:30:00,400,24,3.5,10,25,23568,126
11/21/2021 02:00:00,400,24,0,10,27.6,23165,126
11/21/2021 02:30:00,700,24,3.6,10,25,23165,126
11/21/2021 03:00:00,700,24,1.8,10,27.6,23430,125
11/21/2021 03:30:00,400,24,1.7,9.9,25,23430,125
11/21/2021 04:00:00,770,23,3.5,15.2,59.1,23579,125
11/21/2021 04:30:00,770,24,3.5,9.9,25,23579,125
11/21/2021 05:00:00,700,24,3.5,10,27.6,23774,125
11/21/2021 05:30:00,770,23,3.5,9.9,25,23774,124
11/21/2021 06:00:00,700,23,3.5,6,27.7,24270,959
11/21/2021 06:30:00,1,23,5.3,4.1,25,24270,960
11/21/2021 07:00:00,1,23.2,5.2,2.9,59.7,25719,1093
11/21/2021 07:30:00,1,24.1,5.2,6,25,25719,965
11/21/2021 08:00:00,1,25.1,3.5,8,27.6,26970,999
11/21/2021 08:30:00,1,27,3.6,9.9,25,26970,1055
11/21/2021 09:00:00,1,26,11,10,27.6,28928,1004
11/21/2021 09:30:00,1,27,12.6,10,25.9,28928,1183
11/21/2021 10:00:00,1,27.7,3.6,20,90,29243,1206
11/21/2021 10:30:00,780,28,7.6,10,27.6,29243,1142
11/21/2021 11:00:00,1,28,7.6,10,27.6,27080,1177
11/21/2021 11:30:00,1,29,14.6,10,25,27080,1120
11/21/2021 12:00:00,1,28,16.5,10,49.6,27363,129
11/21/2021 12:30:00,1,29,20.2,10,49.1,27363,130
11/21/2021 13:00:00,1,28.9,15.2,15.3,70.6,28408,965
11/21/2021 13:30:00,1,29,20.2,10,49.1,28408,1054
11/21/2021 14:00:00,1,29,22.2,10,49.6,29516,1100
11/21/2021 14:30:00,1,28,18.2,10,49.1,29516,1142
11/21/2021 15:00:00,1,28,18.3,10,49.6,29791,140
11/21/2021 15:30:00,1,27,18.1,10,49.1,29791,142
11/21/2021 16:00:00,789,27.1,14.3,15.3,70.6,31482,1154
11/21/2021 16:30:00,963,27,14.6,10,49.1,31482,1780
11/21/2021 17:00:00,1503.5,26,16.4,10,49.6,33600,1785
11/21/2021 17:30:00,1503.5,26,16.2,10,49.1,33600,1789
11/21/2021 18:00:00,1503.5,26,11.1,10,49.6,29917,1680
11/21/2021 18:30:00,1024.3,26,9.3,10,49.1,29917,1776
11/21/2021 19:00:00,927.1,25.6,11,15.3,70.6,28256,1247
11/21/2021 19:30:00,900,26,11,10,49.1,28256,143
11/21/2021 20:00:00,848,26,14.6,10,49.6,27761,141
11/21/2021 20:30:00,790,26,14.4,10,49.1,27761,140
11/21/2021 21:00:00,790,26,11,10,49.6,26268,137
11/21/2021 21:30:00,870,26,12.6,10,49.1,26268,134
11/21/2021 22:00:00,890,25.2,12.6,15.3,70.6,24461,1239
11/21/2021 22:30:00,890,25,7.4,10,49.1,24461,1229
11/21/2021 23:00:00,890,25,3.6,10,49.6,23469,1226
11/21/2021 23:30:00,890,25,3.5,10,49.1,23469,1175
11/22/2021 00:00:00,900,24,5.3,10,49.6,22637,1297
11/22/2021 00:30:00,900,24,3.5,10,50,22637,1235
11/22/2021 01:00:00,900,23.7,3.5,14.3,71,22217,1230
11/22/2021 01:30:00,900,24,3.5,8.1,49.1,22217,1229
11/22/2021 02:00:00,900,23,3.6,8,49.6,22071,1228
11/22/2021 02:30:00,900,23,3.5,8.1,49.1,22071,1224
11/22/2021 03:00:00,900,23,3.5,8,49.6,22362,1160
11/22/2021 03:30:00,900,23,3.5,8,49.1,22362,1228
11/22/2021 04:00:00,901,22.6,3.5,5.9,70.6,23164,1229
11/22/2021 04:30:00,927.1,23,3.5,8,49.1,23164,1327
11/22/2021 05:00:00,963,23,3.6,8,49.6,24952,1339
11/22/2021 05:30:00,1024.3,22,3.6,8,49.1,24952,1594
11/22/2021 06:00:00,1024.3,22,3.5,10,49.6,27071,1413
11/22/2021 06:30:00,1176.6,23,5.3,10,25,27071,1771
11/22/2021 07:00:00,1176.6,23.3,5.2,15.3,59.1,30850,1780
11/22/2021 07:30:00,1342,25.1,7.3,10,25,30850,1435
11/22/2021 08:00:00,1176.6,26,5.3,10,27.6,32500,1437
11/22/2021 08:30:00,1176.6,27,3.5,10,25.9,32500,1619
11/22/2021 09:00:00,963,27.1,5.3,10,28,33212,1441
11/22/2021 09:30:00,900,28,5.4,10,25.9,33212,1276
11/22/2021 10:00:00,927.1,28.2,7.4,15.3,59.6,32660,1122
11/22/2021 10:30:00,927.1,28,9.2,10,25,32660,165
11/22/2021 11:00:00,850,29,9.3,10,27.6,29625,158
11/22/2021 11:30:00,770,29,16.2,10,25,29625,151
11/22/2021 12:00:00,749,29,14.7,10,27.6,30092,154
11/22/2021 12:30:00,770,29,18.2,10,25,30092,916
11/22/2021 13:00:00,850,29.1,12.7,15.3,59.1,32653,996
11/22/2021 13:30:00,901,29,14.8,10,25,32653,1135
11/22/2021 14:00:00,900,29,14.8,10,27.6,33048,1249
11/22/2021 14:30:00,900,28,16.5,10,25,33048,1119
11/22/2021 15:00:00,927.1,28,16.5,10,27.6,34453,1267
11/22/2021 15:30:00,963.2,28,14.6,10,25,34453,1282
11/22/2021 16:00:00,1024.3,27.8,9.9,15.3,59.1,35464,1725
11/22/2021 16:30:00,1412.9,27,12.9,10,25,35464,1704
11/22/2021 17:00:00,1024.3,27,11.1,10,49.6,36447,1556
11/22/2021 17:30:00,1425.2,26,12.8,10,25,36447,1811
11/22/2021 18:00:00,1425.2,26,11.2,10,27.6,32639,1718
11/22/2021 18:30:00,1024.3,26,11.1,10,25,32639,1696
11/22/2021 19:00:00,943,25.4,7.6,15.3,59.1,30870,589
11/22/2021 19:30:00,901,26,5.5,10,25,30870,160
11/22/2021 20:00:00,900,26,3.6,10,27.6,29599,159
11/22/2021 20:30:00,900,26,3.6,10,25,29599,157
11/22/2021 21:00:00,900,26,5.4,10,27.6,27618,153
11/22/2021 21:30:00,890,25,7.4,10,25.9,27618,149
11/22/2021 22:00:00,900,24.2,7.4,15.3,59.6,26496,145
11/22/2021 22:30:00,900,25,5.3,9.9,50,26496,1243
11/22/2021 23:00:00,890.7,25,3.6,10,50,24913,138
11/22/2021 23:30:00,850,25,5.3,9.9,50,24913,134
11/23/2021 00:00:00,900,25,1.9,10,50,24299,1177
11/23/2021 00:30:00,870,24.9,7.4,8,50,24299,1111
11/23/2021 01:00:00,850,24.3,4.4,12.9,88.4,24106,1157
11/23/2021 01:30:00,870,24,7.3,6.1,86.6,24106,1061
11/23/2021 02:00:00,890,24,3.6,4.1,88.4,24038,1051
11/23/2021 02:30:00,890,24,3.5,6.1,86.6,24038,1147
11/23/2021 03:00:00,890,24,3.5,8,49.6,24140,1163
11/23/2021 03:30:00,870,24,0,8,25,24140,1161
11/23/2021 04:00:00,870,23.6,3.7,9,71,24747,1220
11/23/2021 04:30:00,870,24,5.3,8,50,24747,1229
11/23/2021 05:00:00,900,24,5.4,8,88.4,26047,1241
11/23/2021 05:30:00,927.1,24,5.3,8,86.6,26047,1154
11/23/2021 06:00:00,963,24,5.3,8,88.4,27539,1170
11/23/2021 06:30:00,927.1,24,5.2,8,50,27539,1522
11/23/2021 07:00:00,943,23.9,3.7,13.8,71,30533,1562
11/23/2021 07:30:00,962,25,3.7,7.9,50,30533,1789
11/23/2021 08:00:00,927.1,26,3.6,8,50,31110,1354
11/23/2021 08:30:00,900,27,3.9,8,50,31110,1228
11/23/2021 09:00:00,900,27,5.6,8,50,31003,166
11/23/2021 09:30:00,770,27,5.8,8,50,31003,1021
11/23/2021 10:00:00,800,27.9,7.6,14.3,71,30337,1086
11/23/2021 10:30:00,770,28,7.8,8.1,50,30337,165
11/23/2021 11:00:00,1,26,20.4,5.1,50,27742,158
11/23/2021 11:30:00,1,26,11.3,7.1,50,27742,1155
11/23/2021 12:00:00,1,26,11.3,6.1,50,29144,1010
11/23/2021 12:30:00,770,26,11.2,6.1,50,29144,1131
11/23/2021 13:00:00,900,25.6,7.1,13.4,71,31257,1272
11/23/2021 13:30:00,962,26.1,11.2,6.1,50,31257,1291
11/23/2021 14:00:00,963.2,27,11.2,6.1,50,32456,1278
11/23/2021 14:30:00,963.2,27,18.1,10,50,32456,1279
11/23/2021 15:00:00,927.1,27,20.3,10,50,33955,1324
11/23/2021 15:30:00,1018.1,27,21.8,6.1,49.1,33955,1553
11/23/2021 16:00:00,1017,26.1,9.9,13.4,70.6,35353,1802
11/23/2021 16:30:00,1037.7,26,7.9,6.1,50,35353,1297
11/23/2021 17:00:00,1176.3,24,9.5,6,50.6,36833,1806
11/23/2021 17:30:00,1503.5,24,11,6,88,36833,1397
11/23/2021 18:00:00,1050,24,11.1,6,88.4,32658,1447
11/23/2021 18:30:00,927.1,25,5.5,6.1,86.6,32658,1266
11/23/2021 19:00:00,900,23.7,5.6,8.1,88.4,30741,1264
11/23/2021 19:30:00,890,24.1,5.7,6.1,86.6,30741,1263
11/23/2021 20:00:00,900,24.1,5.5,10,88.4,29666,1268
11/23/2021 20:30:00,901,25,5.7,9.9,86.6,29666,1258
11/23/2021 21:00:00,927.1,24.1,14.7,3.1,88.4,27782,1254
11/23/2021 21:30:00,927.1,25,5.5,6.1,86.6,27782,1233
11/23/2021 22:00:00,943,24.1,11.2,9.1,88.4,26227,1310
11/23/2021 22:30:00,927.1,26,11.1,8,86.6,26227,1198
11/23/2021 23:00:00,900,26,16.4,10,88.4,24869,138
11/23/2021 23:30:00,890,26,18,9.9,86.6,24869,134
11/24/2021 00:00:00,800,26,18.1,10,88.4,24214,130
11/24/2021 00:30:00,800,25,18.2,9.9,86.6,24214,128
11/24/2021 01:00:00,800,25,18.1,9.9,71,23789,127
11/24/2021 01:30:00,789,26,18,9.9,50,23789,980
11/24/2021 02:00:00,800,26,11.2,9.9,50,23691,992
11/24/2021 02:30:00,770,26,11.2,9.9,50,23691,992
11/24/2021 03:00:00,800,25,23.9,9.9,50,23702,992
11/24/2021 03:30:00,800,26,9.4,7,50,23702,992
11/24/2021 04:00:00,789,24.5,23.5,9.9,71,24197,981
11/24/2021 04:30:00,800,25,11.1,4.1,50,24197,982
11/24/2021 05:00:00,850,25,20.2,3.1,88.4,25691,998
11/24/2021 05:30:00,900,25,16,5,86.6,25691,1178
11/24/2021 06:00:00,927.1,25,12.9,7,88.4,27644,1201
11/24/2021 06:30:00,927.1,25,12.9,7,86.6,27644,1185
11/24/2021 07:00:00,927.1,24.9,8.8,12.5,88.4,30442,1343
11/24/2021 07:30:00,927.1,25,14.7,7,86.6,30442,1614
11/24/2021 08:00:00,900,25.1,7.7,7,50,30920,1264
11/24/2021 08:30:00,890,27,13,7,50,30920,1084
11/24/2021 09:00:00,800,27,22.2,7,50,29214,166
11/24/2021 09:30:00,1,28,24,7,50,29214,1021
11/24/2021 10:00:00,1,27.9,13.2,14.3,71,28562,1209
11/24/2021 10:30:00,1,28,23.9,8,50,28562,1031
11/24/2021 11:00:00,1,28,24.1,8,50,27290,158
11/24/2021 11:30:00,1,29,25.7,8,50,27290,1194
11/24/2021 12:00:00,1,29,27.6,8,50,29481,1073
11/24/2021 12:30:00,1,29,27.5,8,50,29481,1078
11/24/2021 13:00:00,789,28.4,14.4,14.3,71,32145,1138
11/24/2021 13:30:00,900,28,27.3,9.9,50,32145,1131
11/24/2021 14:00:00,927.1,29,22.2,10,50,33512,1133
11/24/2021 14:30:00,981,28,22.2,9.9,50,33512,1279
11/24/2021 15:00:00,1017,28,22.2,10,50,34886,1377
11/24/2021 15:30:00,1024.3,27,18.2,9.9,86.6,34886,1683
11/24/2021 16:00:00,1176,27.1,15.3,15.2,88.4,34765,1802
11/24/2021 16:30:00,1176,26,20.4,9.9,86.6,34765,1246
11/24/2021 17:00:00,1017,26,14.8,9.9,89.1,35363,1806
11/24/2021 17:30:00,1176.1,25,13,5.1,88,35363,1456
11/24/2021 18:00:00,981,25,13,7,89.1,32553,1275
11/24/2021 18:30:00,927.1,26,14.7,8,51.4,32553,1266
11/24/2021 19:00:00,900,25,14.8,9,71,31195,1662
11/24/2021 19:30:00,900,26,14.8,8,50,31195,1263
11/24/2021 20:00:00,900,26,14.7,8,50,31568,1268
11/24/2021 20:30:00,900,26,14.6,8,50,31568,800
11/24/2021 21:00:00,900,26,14.8,8,50,30193,579
11/24/2021 21:30:00,900,26,16.5,8,50,30193,149
11/24/2021 22:00:00,870,25.6,13.4,9,71,28484,145
11/24/2021 22:30:00,850,26,18.1,8,50,28484,142
11/24/2021 23:00:00,800,25,20.5,5,88.4,25659,138
11/24/2021 23:30:00,780,24,14.8,7,86.6,25659,134
11/25/2021 00:00:00,848,25,18.3,7,88.4,24675,130
11/25/2021 00:30:00,789,25,20.3,7,86.6,24675,128
11/25/2021 01:00:00,800,24.9,12.4,8.6,88.4,24482,127
11/25/2021 01:30:00,800,25,14.7,7,86.6,24482,126
11/25/2021 02:00:00,789,25,12.8,7,88.4,24189,126
11/25/2021 02:30:00,700,25,12.9,8,50,24189,125
11/25/2021 03:00:00,800,25,12.9,8,50,24379,126
11/25/2021 03:30:00,800,25,12.8,8,86.6,24379,126
11/25/2021 04:00:00,1,24.1,7.9,9,71,24683,127
11/25/2021 04:30:00,1,25,11,8,50,24683,128
11/25/2021 05:00:00,1,25,11.2,8,50,26338,132
11/25/2021 05:30:00,800,25,11.2,8,50,26338,135
11/25/2021 06:00:00,900,25,7.6,8,50,28185,139
11/25/2021 06:30:00,900,24,7.6,8,50,28185,142
11/25/2021 07:00:00,900.5,23.6,3.8,14.3,88.4,31642,1259
11/25/2021 07:30:00,981,25,7.6,7,86.6,31642,1262
11/25/2021 08:00:00,963,25,3.7,4.1,88.4,32266,1076
11/25/2021 08:30:00,940,25,14.6,7,88,32266,1109
11/25/2021 09:00:00,900,24.1,20.4,4.1,88.4,32514,165
11/25/2021 09:30:00,800,24.1,16.4,5.1,86.6,32514,167
11/25/2021 10:00:00,850,23.8,8.3,8.6,93.7,32166,166
11/25/2021 10:30:00,800,24.1,11.2,6.1,86.6,32166,165
11/25/2021 11:00:00,1,24.1,5.5,8,88.4,29093,158
11/25/2021 11:30:00,1,26,11.3,8.1,86.6,29093,151
11/25/2021 12:00:00,1,27,14.7,10,88.4,30594,154
11/25/2021 12:30:00,1,27,14.8,10,86.6,30594,158
11/25/2021 13:00:00,1,27.2,10.8,15.3,88.4,32806,162
11/25/2021 13:30:00,1,26,22.1,10,86.6,32806,167
11/25/2021 14:00:00,700,26,14.7,10,88.4,33258,168
11/25/2021 14:30:00,850,26,18.2,10,86.6,33258,1271
11/25/2021 15:00:00,927.1,27,14.7,10,50,34521,1400
11/25/2021 15:30:00,1017,27,21.9,10,50,34521,1672
11/25/2021 16:00:00,1176,26.1,14.2,15.2,71,35524,1802
11/25/2021 16:30:00,1503.5,26,14.6,9.9,50,35524,1802
11/25/2021 17:00:00,1503.5,26,16.4,9.9,50.6,37671,1806
11/25/2021 17:30:00,1503.5,26,12.6,9.9,50,37671,1811
11/25/2021 18:00:00,1176.6,26,14.6,10,50,33070,1428
11/25/2021 18:30:00,1018.1,25.9,12.8,9.9,50,33070,1794
11/25/2021 19:00:00,963,25.6,7.1,15.2,71,31272,1264
11/25/2021 19:30:00,900,26,16.4,9.9,50,31272,1263
11/25/2021 20:00:00,927.1,26,16.4,10,50,29898,1539
11/25/2021 20:30:00,963,26,12.8,9.9,50,29898,1431
11/25/2021 21:00:00,927.1,26,11,10,50,27954,1200
11/25/2021 21:30:00,900,25,9.2,9.9,50,27954,575
11/25/2021 22:00:00,900,24.5,6.3,15.2,71,26493,571
11/25/2021 22:30:00,900,25,9.2,9.9,50,26493,1243
11/25/2021 23:00:00,890.7,25,9.3,10,50,24940,1239
11/25/2021 23:30:00,850,24,3.7,9.9,49.1,24940,1237
11/26/2021 00:00:00,900,24,5.4,10,49.6,24321,1239
11/26/2021 00:30:00,900,24,3.7,9.9,49.1,24321,1229
11/26/2021 01:00:00,900,23.6,5.5,15.2,71,23991,1094
11/26/2021 01:30:00,900,23,3.7,9.9,50,23991,552
11/26/2021 02:00:00,900,23,3.7,6,50,23914,1129
11/26/2021 02:30:00,900,25,7.6,8,50,23914,897
11/26/2021 03:00:00,900,23.1,5.5,6,88.4,23801,1167
11/26/2021 03:30:00,900,23.1,5.5,6.1,86.6,23801,552
11/26/2021 04:00:00,900,23.1,5.5,13.4,88.4,24344,1228
11/26/2021 04:30:00,900,24,5.5,6.1,86.6,24344,1197
11/26/2021 05:00:00,901,24,5.4,6,88.4,26038,1260
11/26/2021 05:30:00,927.1,25,9.2,6.1,86.6,26038,1290
11/26/2021 06:00:00,981,25,18.2,4.1,88.4,28154,1506
11/26/2021 06:30:00,1018.1,25,14.4,7,86.6,28154,1251
11/26/2021 07:00:00,1024.3,24.6,12.6,15.2,71,30595,1651
11/26/2021 07:30:00,1176,25,20.1,9.9,51.4,30595,1541
11/26/2021 08:00:00,1100,25,24,9.9,89.1,31318,1264
11/26/2021 08:30:00,981,25,21.9,9.8,88,31318,166
11/26/2021 09:00:00,800,25,18.2,10,88.4,31817,166
11/26/2021 09:30:00,1,24.1,18,7,86.6,31817,167
11/26/2021 10:00:00,1,24,8.4,8.9,93.7,31618,166
11/26/2021 10:30:00,1,25,7.8,9.9,86.6,31618,165
11/26/2021 11:00:00,1,26,16.3,9.9,88.4,28739,158
11/26/2021 11:30:00,1,26,16.4,9.9,86.6,28739,151
11/26/2021 12:00:00,1,26,14.8,9.9,88.4,30472,154
11/26/2021 12:30:00,1,26,18.3,9.9,88,30472,158
11/26/2021 13:00:00,600,26.1,12.5,15.2,89.1,32450,163
11/26/2021 13:30:00,750,24,29.1,9.9,88,32450,167
11/26/2021 14:00:00,800,24,29.4,9.9,89.1,33410,594
11/26/2021 14:30:00,848,23,23.5,9.8,88,33410,1271
11/26/2021 15:00:00,900,24,14.5,9.9,89.1,34468,1273
11/26/2021 15:30:00,963,23,12.7,9.9,88,34468,1801
11/26/2021 16:00:00,1176,23.2,8,9,94.5,35745,1802
11/26/2021 16:30:00,1503.5,24,7.5,9.9,88.4,35745,1802
11/26/2021 17:00:00,1503.5,24,9.5,9.9,89.3,36976,1806
11/26/2021 17:30:00,1503.5,24,1.9,9.8,88.4,36976,1811
11/26/2021 18:00:00,1250,24,3.6,9.9,89.3,32805,1404
11/26/2021 18:30:00,963,24,5.3,9.9,88.4,32805,1266
11/26/2021 19:00:00,900,23.1,4.5,9.9,89.1,31078,1530
11/26/2021 19:30:00,890.7,23.1,5.5,9.9,99.6,31078,1540
11/26/2021 20:00:00,900,23.1,3.7,8.9,88.4,30057,1787
11/26/2021 20:30:00,927.1,23.1,5.5,9.9,86.6,30057,1786
11/26/2021 21:00:00,900,23.1,5.4,9.9,88.4,27891,1254
11/26/2021 21:30:00,900,23.1,5.5,9.9,86.6,27891,149
11/26/2021 22:00:00,927.1,23.1,3.7,9.5,88.4,26622,1526
11/26/2021 22:30:00,927.1,23.1,5.7,8,86.6,26622,1251
11/26/2021 23:00:00,870,23.1,5.5,8,88.4,25034,1239
11/26/2021 23:30:00,848,24,5.5,9.9,86.6,25034,1236
11/27/2021 00:00:00,850,24,5.4,9.9,50,24227,134
11/27/2021 00:30:00,800,23.1,3.6,9.9,50,24227,132
11/27/2021 01:00:00,800,22.8,3.6,9.9,71,23924,131
11/27/2021 01:30:00,1,23,5.3,9.9,51.4,23924,130
11/27/2021 02:00:00,1,23,7.5,8,89.1,23844,130
11/27/2021 02:30:00,1,24,1.8,6,88,23844,129
11/27/2021 03:00:00,1,24.1,9.4,10,90,23713,129
11/27/2021 03:30:00,1,22.7,3.6,10,90,23713,129
11/27/2021 04:00:00,500,22.7,3.6,10,90,24145,130
11/27/2021 04:30:00,500,23,3.6,9.9,86.6,24145,130
11/27/2021 05:00:00,500,23,3.6,9.9,89.1,25195,132
11/27/2021 05:30:00,500,23,14.4,9.9,86.6,25195,134
11/27/2021 06:00:00,1,24,12.8,9.9,88.4,27405,137
11/27/2021 06:30:00,1,25,22.1,9.9,86.6,27405,141
11/27/2021 07:00:00,900,24.1,11.5,15.2,93.7,30316,1251
11/27/2021 07:30:00,927.1,25,22.2,9.9,86.6,30316,1259
11/27/2021 08:00:00,963,26,22.2,9.9,88.4,30662,1277
11/27/2021 08:30:00,963,26,27.3,9.9,50,30662,1263
11/27/2021 09:00:00,963,27,29.3,9.9,49.6,30738,162
11/27/2021 09:30:00,850,27,29.3,9.9,50,30738,163
11/27/2021 10:00:00,848,26.8,23.2,15.2,71,30122,162
11/27/2021 10:30:00,500,27,25.8,9.9,50,30122,161
11/27/2021 11:00:00,1,27.1,25.9,10,50,28042,155
11/27/2021 11:30:00,1,27.1,25.9,10,50,28042,149
11/27/2021 12:00:00,1,27.1,25.9,10,50,28827,152
11/27/2021 12:30:00,1,26.3,23.5,15.2,71,28827,156
11/27/2021 13:00:00,1,26.3,23.5,15.2,71,30162,159
11/27/2021 13:30:00,800,27,27.5,9.9,86.6,30162,1263
11/27/2021 14:00:00,900,27,27.6,10,88.4,31153,1265
11/27/2021 14:30:00,900,27,23.7,10,49.1,31153,1216
11/27/2021 15:00:00,927.1,27,25.8,10,50,32195,1219
11/27/2021 15:30:00,927.1,27,23.8,10,49.1,32195,1147
11/27/2021 16:00:00,963,26.3,18,15.3,71,33099,1650
11/27/2021 16:30:00,981,26,14.7,9.9,51.4,33099,1168
11/27/2021 17:00:00,962,26,14.7,10,50,34454,1796
11/27/2021 17:30:00,1024.3,26,21.9,9.9,86.6,34454,1174
11/27/2021 18:00:00,900,26,22.3,9.9,89.1,30045,164
11/27/2021 18:30:00,820,25.9,17.8,9.9,51.4,30045,156
11/27/2021 19:00:00,1,25.5,10.5,15.2,71,28213,154
11/27/2021 19:30:00,1,25.9,14.6,9.9,50,28213,152
11/27/2021 20:00:00,1,26,9.4,9.9,50,27696,152
11/27/2021 20:30:00,1,25,13.2,9.9,50,27696,152
11/27/2021 21:00:00,1,26,13,9.9,50,26273,149
11/27/2021 21:30:00,500,25,27.3,9.9,86.6,26273,146
11/27/2021 22:00:00,789,23.8,11.6,9.9,93.7,25087,143
11/27/2021 22:30:00,500,24,18.1,7,86.6,25087,139
11/27/2021 23:00:00,1,22.1,7.7,7,88.4,23783,136
11/27/2021 23:30:00,1,22.1,4,7,86.6,23783,132
